link;Nr oferty w biurze ;date;imgs;tel;Piętro;Czynsz;Okna;Typ ogłoszeniodawcy;Rynek;Ogrzewanie;Materiał budynku;Rodzaj zabudowy;author;Miejsce parkingowe;Rok budowy;Stan wykończenia;Liczba pokoi;Dostępne od;Winda;Wyposażenie;Zabezpieczenia;Media;Balkon / ogród / taras;Informacje dodatkowe;Forma własności;full;Obsługa zdalna;Powierzchnia;Nr oferty w Otodom;Data dodania;Data aktualizacji
https://www.otodom.pl/pl/oferta/na-sprzedaz-3-pokojowe-mieszkanie-z-basenem-super-ID4mhki;;20230731;"['https://ireland.apollo.olxcdn.com/v1/files/eyJmbiI6Imk5aWs1cjhlcHM4aTMtQVBMIiwidyI6W3siZm4iOiJlbnZmcXFlMWF5NGsxLUFQTCIsInMiOiIxNCIsInAiOiIxMCwtMTAiLCJhIjoiMCJ9XX0.EmBFLYGW7qEXoGWTDGHyxs4oq3mHhPq3Mt9O_4GmNto/image;s=184x138;q=80', 'https://ireland.apollo.olxcdn.com/v1/files/eyJmbiI6ImVhb3k2OHpnaDBuci1BUEwiLCJ3IjpbeyJmbiI6ImVudmZxcWUxYXk0azEtQVBMIiwicyI6IjE0IiwicCI6IjEwLC0xMCIsImEiOiIwIn1dfQ.6tjsk3iZqxv69uUt1LZjzpfqRLJuxUMixINGKotgI7o/image;s=184x138;q=80', 'https://ireland.apollo.olxcdn.com/v1/files/eyJmbiI6ImtzMXc0ZWo2N3cwaS1BUEwiLCJ3IjpbeyJmbiI6ImVudmZxcWUxYXk0azEtQVBMIiwicyI6IjE0IiwicCI6IjEwLC0xMCIsImEiOiIwIn1dfQ.Q0Yak80gu3CTTlLYQRQYKoYRrJ8R6Fpr4dn3h3AYpdA/image;s=184x138;q=80', 'https://ireland.apollo.olxcdn.com/v1/files/eyJmbiI6InR1Mjl4ZnF6dmFubTMtQVBMIiwidyI6W3siZm4iOiJlbnZmcXFlMWF5NGsxLUFQTCIsInMiOiIxNCIsInAiOiIxMCwtMTAiLCJhIjoiMCJ9XX0.ZhjX90Okp7yTDDmfob12Iu6wK-PvI9Ow8OGTg_tYA4Y/image;s=184x138;q=80', 'https://ireland.apollo.olxcdn.com/v1/files/eyJmbiI6Im43b2h4dmdtam50dy1BUEwiLCJ3IjpbeyJmbiI6ImVudmZxcWUxYXk0azEtQVBMIiwicyI6IjE0IiwicCI6IjEwLC0xMCIsImEiOiIwIn1dfQ.RbArwztCsV2dIc__ZE_s79trKNYiUImnltRkTF4AaOQ/image;s=184x138;q=80', 'https://ireland.apollo.olxcdn.com/v1/files/eyJmbiI6InR4bDZtMzAyMzIzNzEtQVBMIiwidyI6W3siZm4iOiJlbnZmcXFlMWF5NGsxLUFQTCIsInMiOiIxNCIsInAiOiIxMCwtMTAiLCJhIjoiMCJ9XX0.16upSM5MaJxD7wmk-dJpkoVILUygs9oXSq0j0m6cOQI/image;s=184x138;q=80', 'https://ireland.apollo.olxcdn.com/v1/files/eyJmbiI6InphMTE5MnN4b3VmeDEtQVBMIiwidyI6W3siZm4iOiJlbnZmcXFlMWF5NGsxLUFQTCIsInMiOiIxNCIsInAiOiIxMCwtMTAiLCJhIjoiMCJ9XX0.5AUb6KM9nKOphRliXaUB7q6DSg2RSBWFVQ1hfkkax8c/image;s=184x138;q=80', 'https://ireland.apollo.olxcdn.com/v1/files/eyJmbiI6Ijhubmp0YjZraTZhLUFQTCIsInciOlt7ImZuIjoiZW52ZnFxZTFheTRrMS1BUEwiLCJzIjoiMTQiLCJwIjoiMTAsLTEwIiwiYSI6IjAifV19.9I1QGgmlewEIhbdSx9Saa8rGCRXCI2_ZIGp_cdzRyr8/image;s=184x138;q=80', 'https://ireland.apollo.olxcdn.com/v1/files/eyJmbiI6ImU4ZnI4MDBsdmJlZy1BUEwiLCJ3IjpbeyJmbiI6ImVudmZxcWUxYXk0azEtQVBMIiwicyI6IjE0IiwicCI6IjEwLC0xMCIsImEiOiIwIn1dfQ.5dw5gZ7kUR9SKCRnrXdkvRHKmvnjC5Mc6Zn1SPV28qs/image;s=184x138;q=80', 'https://ireland.apollo.olxcdn.com/v1/files/eyJmbiI6IngzeXgza3FqdXJldDEtQVBMIiwidyI6W3siZm4iOiJlbnZmcXFlMWF5NGsxLUFQTCIsInMiOiIxNCIsInAiOiIxMCwtMTAiLCJhIjoiMCJ9XX0.j4QIyNGpEFcexbFepUS1zgLscc1kJnmelpnkAJm-9Ik/image;s=184x138;q=80', 'https://ireland.apollo.olxcdn.com/v1/files/eyJmbiI6ImxyOXR4OW14ZTd2bTEtQVBMIiwidyI6W3siZm4iOiJlbnZmcXFlMWF5NGsxLUFQTCIsInMiOiIxNCIsInAiOiIxMCwtMTAiLCJhIjoiMCJ9XX0.cc2S-sisJZDlpWJBgwCm_0kvCMQDqTLB85HbXOwesRo/image;s=184x138;q=80', 'https://ireland.apollo.olxcdn.com/v1/files/eyJmbiI6InVwbXBtZndzdjV1czItQVBMIiwidyI6W3siZm4iOiJlbnZmcXFlMWF5NGsxLUFQTCIsInMiOiIxNCIsInAiOiIxMCwtMTAiLCJhIjoiMCJ9XX0.JXIyYNKzu1UASai4GY9TqhgNX7HpPQ3EJ2yVpQ0cBzI/image;s=184x138;q=80', 'https://ireland.apollo.olxcdn.com/v1/files/eyJmbiI6IjZxa3F0ZnZjanJiZzMtQVBMIiwidyI6W3siZm4iOiJlbnZmcXFlMWF5NGsxLUFQTCIsInMiOiIxNCIsInAiOiIxMCwtMTAiLCJhIjoiMCJ9XX0.gWzHyI9RKXXps13RJc_W4DjeR5FGEzemN0_PUaYqffc/image;s=184x138;q=80', 'https://ireland.apollo.olxcdn.com/v1/files/eyJmbiI6ImJzNWI5aDBxaGQyNzItQVBMIiwidyI6W3siZm4iOiJlbnZmcXFlMWF5NGsxLUFQTCIsInMiOiIxNCIsInAiOiIxMCwtMTAiLCJhIjoiMCJ9XX0.mMuXRVTvi2t9APnjR5iYiM4G9SEmcEQ26MjCHonFC6I/image;s=184x138;q=80', 'https://ireland.apollo.olxcdn.com/v1/files/eyJmbiI6Ind2engwNTdidGxjcTEtQVBMIiwidyI6W3siZm4iOiJlbnZmcXFlMWF5NGsxLUFQTCIsInMiOiIxNCIsInAiOiIxMCwtMTAiLCJhIjoiMCJ9XX0.9wkr4odUmmKRuwQweM1zxyxrxLka2KP0KVfw3HZk8Jg/image;s=184x138;q=80']";791 201 559;5/5;500 zł;plastikowe;prywatny;pierwotny;miejskie;brak informacji;apartamentowiec;Adam;garaż/miejsce parkingowe;2023;do wykończenia;3 ;brak informacji;tak;brak informacji;drzwi / okna antywłamaniowe, teren zamknięty, domofon / wideofon, monitoring / ochrona;telewizja kablowa, internet, telefon;taras;brak informacji;pełna własność;"Ostatnie mieszkanie w budynku, odbiór już w Październiku 2023!!! Bez prowizji i Podatku PCC

Na sprzedaż 3 pokojowe mieszkanie z basenem, jacuzzi, sauną i balią z zimną wodą dostępne dla mieszkańców apartamentowca. Super system płatności!! Lokal na najwyższym 5 piętrze o powierzchni 41,34 m2 znajduje się w inwestycji przy ul. Słowiańskiej 6. Mieszkanie składa się z salonu z aneksem kuchennym, dwóch sypialni oraz łazienki z toaletą.Powierzchnia poszczególnych pomieszczeń:- salon z aneksem kuchennym o pow. 13,58 m2,- sypialnia o pow. 7,47 m2,- sypialnia o pow. 7,78 m2,- łazienka o pow. 5,45 m2,- korytarz o pow. 6,06 m2,- taras 7,41 m2.Apartamentowiec w trakcie budowy, lokal sprzedawany w stanie deweloperskim.Do mieszkania przynależy miejsce w garażu wielostanowiskowym w cenie 40 000 PLN. Do dyspozycji mieszkańców deweloper przewidział basen na dachu, jacuzzi, sauną, balią z zimną wodą, strefę wypoczynkową, powierzchnię coworkingową, bawialnię dla dzieci, zewnętrzną siłownię, prywatny paczkomat oraz pralnia.Bardzo dobra lokalizacja, centrum miasta, szybki oraz bezproblemowy dojazd do innych dzielnic miasta. W najbliższej okolicy duży park, supermarket, Galeria Łódzka, restauracje, muzeum, ATM, apteka. ";Zapytaj;41,34 m²;64415166;18 dni temu;3 dni temu
https://www.otodom.pl/pl/oferta/3-pok-z-ogrodkiem-garazem-komorka-w-cenie-cesja-ID4mnQQ;;20230731;"['https://ireland.apollo.olxcdn.com/v1/files/eyJmbiI6ImNybW45ZngxaW9hZjItQVBMIiwidyI6W3siZm4iOiJlbnZmcXFlMWF5NGsxLUFQTCIsInMiOiIxNCIsInAiOiIxMCwtMTAiLCJhIjoiMCJ9XX0.8XtPRW8IngSjr8EVniqXDNAkDTa0QjCMgmzFPfeHNew/image;s=184x138;q=80', 'https://ireland.apollo.olxcdn.com/v1/files/eyJmbiI6ImZkZzU3amllazhlNDEtQVBMIiwidyI6W3siZm4iOiJlbnZmcXFlMWF5NGsxLUFQTCIsInMiOiIxNCIsInAiOiIxMCwtMTAiLCJhIjoiMCJ9XX0.eHsg1l-IC1Q47VkVZ1BzkgUTEBeNxZ6jK4NNt13Fmbc/image;s=184x138;q=80', 'https://ireland.apollo.olxcdn.com/v1/files/eyJmbiI6IjQwbDIxeGU1eGZpZTMtQVBMIiwidyI6W3siZm4iOiJlbnZmcXFlMWF5NGsxLUFQTCIsInMiOiIxNCIsInAiOiIxMCwtMTAiLCJhIjoiMCJ9XX0.10vqCqX-j1buDP81e3kr_GcYxdKnwitqwKp2HUYQNZg/image;s=184x138;q=80', 'https://ireland.apollo.olxcdn.com/v1/files/eyJmbiI6ImZyNWp6ZW5yNTBvaDEtQVBMIiwidyI6W3siZm4iOiJlbnZmcXFlMWF5NGsxLUFQTCIsInMiOiIxNCIsInAiOiIxMCwtMTAiLCJhIjoiMCJ9XX0.joQLkXeKhyDaRQJ9Bjp1-kbJB3C61IPURrIoAC5sIYQ/image;s=184x138;q=80']";883 442 397;parter/4;Zapytaj;plastikowe;prywatny;pierwotny;gazowe;brak informacji;apartamentowiec;Marta Małyska;garaż/miejsce parkingowe;2023;do wykończenia;3 ;brak informacji;tak;brak informacji;drzwi / okna antywłamaniowe, teren zamknięty, domofon / wideofon;telewizja kablowa, internet, telefon;ogródek, taras;pom. użytkowe;pełna własność;"Mieszkanie 3 pokojowe z ogródkiem w stanie deweloperskim na osiedlu Konstantynowska Garden - 2 nowoczesne budynki z windami przy Konstantynowskiej 38 w Łodzi.


Metraż mieszkania 60,42 m2
Ogródek z częścią tarasową ok 120 m2


Cesja umowy deweloperskiej  - mieszkanie gotowe, na osiedlu trwają prace wykończeniowe.
Konieczna  wpłata całej ceny po zakupie praw do cesji.
Możliwość wejście z remontem od września.

Do mieszkania przynależy miejsce parkingowe oraz komórka w garażu podziemnym w cenie.
";Zapytaj;60,42 m²;64440248;10 dni temu;5 dni temu
https://www.otodom.pl/pl/oferta/rezerwacja-rozkladowe-m3-43-10m2-z-balkonem-ID4mbrv;;20230731;"['https://ireland.apollo.olxcdn.com/v1/files/eyJmbiI6ImJhaXpyNzJtb3NxYzMtQVBMIiwidyI6W3siZm4iOiJlbnZmcXFlMWF5NGsxLUFQTCIsInMiOiIxNCIsInAiOiIxMCwtMTAiLCJhIjoiMCJ9XX0.tZRAJUEIAm9WHlBUcen6Yv9LSvyHkLzYKlI3Yzsk3zQ/image;s=184x138;q=80', 'https://ireland.apollo.olxcdn.com/v1/files/eyJmbiI6InFrYW54dnBvYThtMzMtQVBMIiwidyI6W3siZm4iOiJlbnZmcXFlMWF5NGsxLUFQTCIsInMiOiIxNCIsInAiOiIxMCwtMTAiLCJhIjoiMCJ9XX0.92fSkWddK6gjbaUhCk1rKvriaxzGCxBDd2sL587ioyc/image;s=184x138;q=80', 'https://ireland.apollo.olxcdn.com/v1/files/eyJmbiI6ImZidmt2Z3J0a3BxZTItQVBMIiwidyI6W3siZm4iOiJlbnZmcXFlMWF5NGsxLUFQTCIsInMiOiIxNCIsInAiOiIxMCwtMTAiLCJhIjoiMCJ9XX0.josGo-arPe1TvnkKxM_uzmc_Vv06jmqXkpXz0V4Jb64/image;s=184x138;q=80', 'https://ireland.apollo.olxcdn.com/v1/files/eyJmbiI6ImRtaDVtdTh3NnUwdzEtQVBMIiwidyI6W3siZm4iOiJlbnZmcXFlMWF5NGsxLUFQTCIsInMiOiIxNCIsInAiOiIxMCwtMTAiLCJhIjoiMCJ9XX0.ZaWN31Exvq9fWvN9yKUebCig-Ila3lNDz2no6YVNRfE/image;s=184x138;q=80', 'https://ireland.apollo.olxcdn.com/v1/files/eyJmbiI6ImM4M2hsenI2dnA1ZjItQVBMIiwidyI6W3siZm4iOiJlbnZmcXFlMWF5NGsxLUFQTCIsInMiOiIxNCIsInAiOiIxMCwtMTAiLCJhIjoiMCJ9XX0.zzOj5BYAZPAtqBksesQZdGKsfVVBsFRuPIO69YzX8UU/image;s=184x138;q=80', 'https://ireland.apollo.olxcdn.com/v1/files/eyJmbiI6InE3aHQ4OWk1MzQ1ZzItQVBMIiwidyI6W3siZm4iOiJlbnZmcXFlMWF5NGsxLUFQTCIsInMiOiIxNCIsInAiOiIxMCwtMTAiLCJhIjoiMCJ9XX0.fzYIOM0VJJ25_2sxGApa9Fgam6EkKL-MWylnvLa744o/image;s=184x138;q=80', 'https://ireland.apollo.olxcdn.com/v1/files/eyJmbiI6ImUzOW1zcWM4NHFpYy1BUEwiLCJ3IjpbeyJmbiI6ImVudmZxcWUxYXk0azEtQVBMIiwicyI6IjE0IiwicCI6IjEwLC0xMCIsImEiOiIwIn1dfQ.BioqPg_ztPa3pNl9JsdumzLhuQHqdpk4Ax4MffbO6ws/image;s=184x138;q=80', 'https://ireland.apollo.olxcdn.com/v1/files/eyJmbiI6Ijc1ZDQ5cDZjc3NoYy1BUEwiLCJ3IjpbeyJmbiI6ImVudmZxcWUxYXk0azEtQVBMIiwicyI6IjE0IiwicCI6IjEwLC0xMCIsImEiOiIwIn1dfQ.P8-zHZQtdN597IFfmoXBb676xvUVOpZkPDSi8M4Wd20/image;s=184x138;q=80', 'https://ireland.apollo.olxcdn.com/v1/files/eyJmbiI6InAzZnFyNG1wanE4bzEtQVBMIiwidyI6W3siZm4iOiJlbnZmcXFlMWF5NGsxLUFQTCIsInMiOiIxNCIsInAiOiIxMCwtMTAiLCJhIjoiMCJ9XX0.DCXvtS8ezfNBVk2x3VYOFcgt5znL1FsW5iWPl-cj7Eo/image;s=184x138;q=80', 'https://ireland.apollo.olxcdn.com/v1/files/eyJmbiI6IjlqdGRzdXJpeDh2dzEtQVBMIiwidyI6W3siZm4iOiJlbnZmcXFlMWF5NGsxLUFQTCIsInMiOiIxNCIsInAiOiIxMCwtMTAiLCJhIjoiMCJ9XX0.J7vRdfnHUhvBXsgJZdCxk-IbwoPeym7NMgS4Vr3oOd4/image;s=184x138;q=80']";500 510 268;3/4;442 zł;brak informacji;biuro nieruchomości ;wtórny;miejskie;brak informacji;blok;Magdalena SPACE;Zapytaj;brak informacji;Zapytaj;2 ;brak informacji;nie;lodówka, meble, piekarnik, kuchenka;domofon / wideofon;telewizja kablowa, internet;balkon;piwnica, oddzielna kuchnia;spółdzielcze wł. prawo do lokalu;"REZERWACJA! 

Mieszkanie po kapitalnym remoncie, wraz z wymianą instalacji elektrycznej oraz wodnokanalizacyjnej. Umeblowane i wyposażone.
Wszystko NOWE.
Okna PCV ( z wystwą dwustronną na wschód i zachód ) Powierzchnia 43,10m2 + balkon + komórka lokatorska.
Lokal składa się z dwóch widnych i ustawnych pokoi, w pełni wyposażonej kuchni, łazienki z WC oraz przedpokoju. ( Z salonu wyjście na balkon )
Powierzchnię dodatkową stanowi komórka lokatorska o pow. ok. 3m2.
Kuchnia wyposażona w nowe sprzęty AGD takie jak lodówka, piekarnik, płyta indukcyjna. W blacie zamontowane jest ukryte gniazdo nablatowe. W zabudowie meblowej przewidziano miejsce oraz wyprowadzenie instalacji pod zmywarkę.
Łazienka wyposażona w kabinę natryskową z hydromasażem, geberit oraz umywalkę z pojemną szafką. We wnęce półki drewniane z buku. Nad umywalką lustro z oświetleniem LED.
W przedpokoju drewniane lamele z haczykami, które pełnią funkcję wieszaka.
W całym mieszkaniu położony wysokiej klasy gres oraz panele klasy AC4. Na ścianach starannie położona gładź gipsowa, farba i oryginalna tapeta.
We wszystkich pomieszczeniach zamontowane są dotykowe włączniki światła i oświetlenie ledowe.
W salonie zamontowane zostało korytko pod kable oraz gniazdo antenowe, w sypialni również zamontowano gniazdo antenowe.

Aranżacja nowoczesnym stylu sprawia, że wnętrze jest wyjątkowo ciepłe i przytulne, a jednocześnie oryginalne i ciekawe. Charakter mieszkania subtelnie podkreślają unikatowe dodatki.

Niewątpliwym atutem nieruchomości jest jej położenie. Blok usytuowany jest w bezpiecznej odległości od jednej z głównych ulic, a jednocześnie blisko wielu punktów handlowo usługowych. W pobliżu znajdują się osiedlowe sklepiki, większe markety, ryneczek, apteka, przychodnia lekarska, kościół, szkoła, przedszkole, tereny zielone, a także przystanki komunikacji miejskiej. Bezpośrednio przed blokiem mieści się parking.
Lokalizacja: Żabieniec, ul. Turoszowska

Ważne informacje:
* czynsz 444 zł
* 1 właściciel * brak obciążeń
* dostępne od zaraz
Zapraszam!";Zapytaj;43,1 m²;64392550;25 dni temu;10 dni temu
https://www.otodom.pl/pl/oferta/apartament-z-tarasami-i-2-miejscami-parkingowymi-ID4lGrI;637793;20230731;"['https://ireland.apollo.olxcdn.com/v1/files/eyJmbiI6InNnZGwxM2U2aGt3aC1BUEwiLCJ3IjpbeyJmbiI6ImVudmZxcWUxYXk0azEtQVBMIiwicyI6IjE0IiwicCI6IjEwLC0xMCIsImEiOiIwIn1dfQ.rVkeGgMFkaGhXAGpLEWjodfWP_eMsZ16ZqSw6yYo-io/image;s=184x138;q=80', 'https://ireland.apollo.olxcdn.com/v1/files/eyJmbiI6InowZHM4N3AxY2FveDEtQVBMIiwidyI6W3siZm4iOiJlbnZmcXFlMWF5NGsxLUFQTCIsInMiOiIxNCIsInAiOiIxMCwtMTAiLCJhIjoiMCJ9XX0.5aA3m7n8krAe_eoNVnKY_lCr2-Jk9IMQz58TA11QlwM/image;s=184x138;q=80', 'https://ireland.apollo.olxcdn.com/v1/files/eyJmbiI6InhvNDlsOHkxMWhvdi1BUEwiLCJ3IjpbeyJmbiI6ImVudmZxcWUxYXk0azEtQVBMIiwicyI6IjE0IiwicCI6IjEwLC0xMCIsImEiOiIwIn1dfQ.eackbJsnGOqEjQRD3PTTZSvLUlCaAjhEuGVn13vmqsc/image;s=184x138;q=80', 'https://ireland.apollo.olxcdn.com/v1/files/eyJmbiI6InR2cGtzaHluNTJodDMtQVBMIiwidyI6W3siZm4iOiJlbnZmcXFlMWF5NGsxLUFQTCIsInMiOiIxNCIsInAiOiIxMCwtMTAiLCJhIjoiMCJ9XX0.GTYAhOgPShIpiqblNJ2l2cVSIR_MzR_v566WI4YnN4Y/image;s=184x138;q=80', 'https://ireland.apollo.olxcdn.com/v1/files/eyJmbiI6IjAxaXlweDhjMjRoMDMtQVBMIiwidyI6W3siZm4iOiJlbnZmcXFlMWF5NGsxLUFQTCIsInMiOiIxNCIsInAiOiIxMCwtMTAiLCJhIjoiMCJ9XX0.1qM4ia9vWa4vYnR-MJRZuDzp7hmhJcX4pZjd-GtB7Mo/image;s=184x138;q=80', 'https://ireland.apollo.olxcdn.com/v1/files/eyJmbiI6Imd6bXc5b3UxYnYxbDItQVBMIiwidyI6W3siZm4iOiJlbnZmcXFlMWF5NGsxLUFQTCIsInMiOiIxNCIsInAiOiIxMCwtMTAiLCJhIjoiMCJ9XX0.Duh44rN-t35LAIsN4TzSEvruCHByQBnlXnWy0AR98aY/image;s=184x138;q=80', 'https://ireland.apollo.olxcdn.com/v1/files/eyJmbiI6ImN3bXVldTA1MmdnZS1BUEwiLCJ3IjpbeyJmbiI6ImVudmZxcWUxYXk0azEtQVBMIiwicyI6IjE0IiwicCI6IjEwLC0xMCIsImEiOiIwIn1dfQ.e_AFt3AOD13zOiZxI-NvYCKCds8yivhZ2IZJ_5OeBF4/image;s=184x138;q=80', 'https://ireland.apollo.olxcdn.com/v1/files/eyJmbiI6InNlbnp4Y3Bnb3BudTItQVBMIiwidyI6W3siZm4iOiJlbnZmcXFlMWF5NGsxLUFQTCIsInMiOiIxNCIsInAiOiIxMCwtMTAiLCJhIjoiMCJ9XX0.EWfhpQbCstuHuTq6rH4C3K34EWd9Ia6NfOu0SbCpd5A/image;s=184x138;q=80', 'https://ireland.apollo.olxcdn.com/v1/files/eyJmbiI6Indtem90anJrYjAzZzItQVBMIiwidyI6W3siZm4iOiJlbnZmcXFlMWF5NGsxLUFQTCIsInMiOiIxNCIsInAiOiIxMCwtMTAiLCJhIjoiMCJ9XX0.6EHK5xuqV01E9g4qtBZp09LKWR1Sy0xwYRacPII4tnA/image;s=184x138;q=80', 'https://ireland.apollo.olxcdn.com/v1/files/eyJmbiI6Imt2bjdyejZ4ZnRkczMtQVBMIiwidyI6W3siZm4iOiJlbnZmcXFlMWF5NGsxLUFQTCIsInMiOiIxNCIsInAiOiIxMCwtMTAiLCJhIjoiMCJ9XX0.hVFaN6S2JaxZ_St21TFJwpkicEtktVVNxoOgBK_CrPk/image;s=184x138;q=80', 'https://ireland.apollo.olxcdn.com/v1/files/eyJmbiI6Im9zbDFiZ2c2bTE5ZjEtQVBMIiwidyI6W3siZm4iOiJlbnZmcXFlMWF5NGsxLUFQTCIsInMiOiIxNCIsInAiOiIxMCwtMTAiLCJhIjoiMCJ9XX0.SbkvaYg66fmosxXLRnnBCkWYM5E8Vx1c7faiNJFCl54/image;s=184x138;q=80', 'https://ireland.apollo.olxcdn.com/v1/files/eyJmbiI6ImRmOW5xdTVvNTg2bjItQVBMIiwidyI6W3siZm4iOiJlbnZmcXFlMWF5NGsxLUFQTCIsInMiOiIxNCIsInAiOiIxMCwtMTAiLCJhIjoiMCJ9XX0.KAGjkqTHbvKAfDFFrC8Aydxmq5m12gcUndxxxKdMP2E/image;s=184x138;q=80', 'https://ireland.apollo.olxcdn.com/v1/files/eyJmbiI6Imw2d2Y4Ynp4cG55bjItQVBMIiwidyI6W3siZm4iOiJlbnZmcXFlMWF5NGsxLUFQTCIsInMiOiIxNCIsInAiOiIxMCwtMTAiLCJhIjoiMCJ9XX0.RhQtdxgvCbW5ExYh8rxvGY67fYM5BMuZoQKpcgs0-Ko/image;s=184x138;q=80', 'https://ireland.apollo.olxcdn.com/v1/files/eyJmbiI6ImF4aDZwenl1Nmd3OC1BUEwiLCJ3IjpbeyJmbiI6ImVudmZxcWUxYXk0azEtQVBMIiwicyI6IjE0IiwicCI6IjEwLC0xMCIsImEiOiIwIn1dfQ.C7XRMxC_9VjanvFD6_Vfc9hXRCrXXkSXi2Ke8xLZaDw/image;s=184x138;q=80', 'https://ireland.apollo.olxcdn.com/v1/files/eyJmbiI6ImFqbGZuZmRucTh2ZS1BUEwiLCJ3IjpbeyJmbiI6ImVudmZxcWUxYXk0azEtQVBMIiwicyI6IjE0IiwicCI6IjEwLC0xMCIsImEiOiIwIn1dfQ.qAMiJve2FzJbuGhiIUv95VFkeFKjJMSSEuXrHwGvDQk/image;s=184x138;q=80', 'https://ireland.apollo.olxcdn.com/v1/files/eyJmbiI6IjBrYzhxbW5samRhaDMtQVBMIiwidyI6W3siZm4iOiJlbnZmcXFlMWF5NGsxLUFQTCIsInMiOiIxNCIsInAiOiIxMCwtMTAiLCJhIjoiMCJ9XX0.I5_i__H34jVEXZOCTHEGBI0qC0VdAAe42m6HJiMnLzE/image;s=184x138;q=80', 'https://ireland.apollo.olxcdn.com/v1/files/eyJmbiI6InR1YzVkZGloNzVtcDMtQVBMIiwidyI6W3siZm4iOiJlbnZmcXFlMWF5NGsxLUFQTCIsInMiOiIxNCIsInAiOiIxMCwtMTAiLCJhIjoiMCJ9XX0.YThGnWzYX9bP4k-6ZXx1j9LYK9RbSDewvDtM6TdZzf0/image;s=184x138;q=80', 'https://ireland.apollo.olxcdn.com/v1/files/eyJmbiI6ImV6ZTZtb2RmMmsxdi1BUEwiLCJ3IjpbeyJmbiI6ImVudmZxcWUxYXk0azEtQVBMIiwicyI6IjE0IiwicCI6IjEwLC0xMCIsImEiOiIwIn1dfQ.zCu08yb0Q28AM3Zv3tuy-c7Cwxskzcq5uqjEy6Rnk1Y/image;s=184x138;q=80', 'https://ireland.apollo.olxcdn.com/v1/files/eyJmbiI6IjZ5eTc3cjg4ZHN1Yi1BUEwiLCJ3IjpbeyJmbiI6ImVudmZxcWUxYXk0azEtQVBMIiwicyI6IjE0IiwicCI6IjEwLC0xMCIsImEiOiIwIn1dfQ.7TTlcKKooK8lGXaH5mF92yntB7U98QenYJsMhPReM0E/image;s=184x138;q=80']";500 501 071;1/2;500 zł;brak informacji;biuro nieruchomości ;wtórny;Zapytaj;brak informacji;brak informacji;Pamela Panek;garaż/miejsce parkingowe;brak informacji;do zamieszkania;4 ;brak informacji;nie;meble;brak informacji;brak informacji;balkon, taras;dwupoziomowe;pełna własność;DZIEŃ POKAZOWY ODBĘDZIE SIĘ 15 LIPCAZapraszam do zapoznania się z wyjątkową ofertą nieruchomości na sprzedaż Inwestycja Pustynna 43 zlokalizowana jest na osiedlu Rokicie w okolicy ulic Nowe Sady i ObywatelskiejZapewnia doskonałą mieszankę ciszy spokoju a jednocześnie dogodnej komunikacjiOferowany Dwupoziomowy Apartament o powierzchni całkowitej 98,9 z uroczym tarasem i balkonem jest idealny dla rodzin lub osób ceniących przestrzeń i wygodęDodatkowo przypisane do nieruchomości DWA miejsca parkingowe +60 tyś zł są zlokalizowane bezpośrednio pod mieszkaniem dzięki czemu zapewniają wygodę i oszczędność czasu Przed bramą wjazdową duża ilość miejsc parkingowych dla gościUkład i przestrzeń mieszkania oferuje wiele możliwości aranżacyjnych Podzielone jest na dwie strefy :DOLNY poziom z kuchnią wc i salonem z balkonem może być idealnym miejscem do spotkań i integracji, gdzie można przyjmować gości i spędzać czas z rodzinąGÓRNY poziom natomiast to prywatna strefa mieszkańców, która składa się z :-Trzech przytulnych pokoi które można dostosować do własnych potrzeb-Dwóch łazienek zapewniających komfort i wygodę dla wszystkich domowników-Oraz dużego tarasu z widokiem na zachody słońca co niewątpliwie stanowi jeden z głównych atutów mieszkania To idealne miejsce, aby cieszyć się wieczorami, relaksować się i delektować pięknymi widokamiTo wyjątkowe mieszkanie łączy w sobie funkcjonalność, komfort i estetykę, tworząc idealne miejsce do życiaWszystkie media miejskie a ogrzewanie za pomocą pieca gazowegoDodatkowym atutem jest niska kwota opłat czynszowych wynoszących około 500 zł Mieszkanie wymaga niewielkiego odświeżenia, co daje Państwu możliwość dopasowania go do swojego własnego stylu i preferencjiTo doskonała okazja aby stworzyć swoje wymarzone miejsce do zamieszkaniaSkontaktuj się z nami już teraz, aby umówić się na prezentację i odkryć potencjał tego wyjątkowego mieszkania! DZIEŃ POKAZOWY ODBĘDZIE SIĘ 15 LIPCA;Zapytaj;98,9 m²;64273398;2 miesiące temu;2 dni temu
https://www.otodom.pl/pl/oferta/2-pokoje-z-balkonem-okol-centrum-dworzec-park-ID4mnPX;;20230731;"['https://ireland.apollo.olxcdn.com/v1/files/eyJmbiI6Imh4MXEzMzdjYTdsay1BUEwiLCJ3IjpbeyJmbiI6ImVudmZxcWUxYXk0azEtQVBMIiwicyI6IjE0IiwicCI6IjEwLC0xMCIsImEiOiIwIn1dfQ.Nhp1DZrmacov_lnq3S0Xcv7vTcAcoxT44B7cZcx5ZEk/image;s=184x138;q=80', 'https://ireland.apollo.olxcdn.com/v1/files/eyJmbiI6IjVrdG1vcG51ZHE4OTEtQVBMIiwidyI6W3siZm4iOiJlbnZmcXFlMWF5NGsxLUFQTCIsInMiOiIxNCIsInAiOiIxMCwtMTAiLCJhIjoiMCJ9XX0.cgYZ0DFrXihC9TsKKwx-cX5m0JlAJ9jozDR7P01miko/image;s=184x138;q=80', 'https://ireland.apollo.olxcdn.com/v1/files/eyJmbiI6ImhteGZ1a2Y1Mm5vMTMtQVBMIiwidyI6W3siZm4iOiJlbnZmcXFlMWF5NGsxLUFQTCIsInMiOiIxNCIsInAiOiIxMCwtMTAiLCJhIjoiMCJ9XX0.3a54mpHLWV7XuX4RaecBpqMWh6v89q1brs4Vr3o_tdc/image;s=184x138;q=80', 'https://ireland.apollo.olxcdn.com/v1/files/eyJmbiI6InJscGg2bnFvcDltZjItQVBMIiwidyI6W3siZm4iOiJlbnZmcXFlMWF5NGsxLUFQTCIsInMiOiIxNCIsInAiOiIxMCwtMTAiLCJhIjoiMCJ9XX0.kjIjf6YcRtX2hjSRzI5OXMoAk-embp2O8RIAjo8Giq0/image;s=184x138;q=80', 'https://ireland.apollo.olxcdn.com/v1/files/eyJmbiI6Im5ocjI4dHdhYTZubzItQVBMIiwidyI6W3siZm4iOiJlbnZmcXFlMWF5NGsxLUFQTCIsInMiOiIxNCIsInAiOiIxMCwtMTAiLCJhIjoiMCJ9XX0.aaJYjh0z8_zREiFrpJyqEnkCS4E5OWurCBN5D1AdANU/image;s=184x138;q=80', 'https://ireland.apollo.olxcdn.com/v1/files/eyJmbiI6ImY5cmxkZ2l4N2I1bi1BUEwiLCJ3IjpbeyJmbiI6ImVudmZxcWUxYXk0azEtQVBMIiwicyI6IjE0IiwicCI6IjEwLC0xMCIsImEiOiIwIn1dfQ.YK_J_L6pjGduW1jugTY7NZpxdPd8GSWKTfFgkZw83-U/image;s=184x138;q=80', 'https://ireland.apollo.olxcdn.com/v1/files/eyJmbiI6InZ3a2gxY2c1bXF0MS1BUEwiLCJ3IjpbeyJmbiI6ImVudmZxcWUxYXk0azEtQVBMIiwicyI6IjE0IiwicCI6IjEwLC0xMCIsImEiOiIwIn1dfQ.OLiYALUMG556wAHkAuKYZXYz81cgVYq4NqP_PC_KwFw/image;s=184x138;q=80', 'https://ireland.apollo.olxcdn.com/v1/files/eyJmbiI6ImM0dmo3dXVjZzR6MjItQVBMIiwidyI6W3siZm4iOiJlbnZmcXFlMWF5NGsxLUFQTCIsInMiOiIxNCIsInAiOiIxMCwtMTAiLCJhIjoiMCJ9XX0.2YEpt_RHGz11gt71eRhqUYg53dCgXOrYOsDafo7HmvI/image;s=184x138;q=80']";576 854 337;9/10;560 zł;plastikowe;biuro nieruchomości ;wtórny;miejskie;wielka płyta;blok;pracownicy;Zapytaj;brak informacji;do wykończenia;2 ;brak informacji;tak;meble;teren zamknięty, domofon / wideofon;telewizja kablowa, internet;balkon;piwnica;pełna własność;"Swietna oferta na zakup inwestycyjny, pod wynajem. Polsesie, Al.Włókniarzy 
Spacerowa odległość doCentrum, dworca Łódź Kaliska oraz ogromnego komplesu parkowego Zdrowie.Blisko Basenu FALA, Atlas Areny i węzła komunikacji miejskiej dzieki której dostaniemy sie w kazde miejsce miasta.

2 pokojowe mieszkanie z balkonem oraz komórką (pokoje 17 i  9m2) o powierzchni - 37,20m2 oraz piwnica 1,65m2. Teren zamykany z własnymi parkingami co w tej okolicy stanowi wyjatek.
9 piętro w 10 piętrowym bloku. Nowe windy, balkony w trakcie renowacji. 
Czynsz 560 zł w tym śmieci, woda dla 2 osób, ogrzewanie w ryczałcie (Możliwość założenia podzielników.)
Pełna własność (księga wieczysta) 

Lokal wymaga remontu ale  poczyniono w nim kilka inwestycji - nowe, plastikowe okna, w pokojach położono gładź, na podłodze jest bardzo dobrze zachowany parkiet w jodełkę (do cykninowania), w kuchni meble nowszego typu. Przy odrobinie kreatywności i obowiązkowym remoncie łazienki może powstać sympatyczny lokal na wynajem. 

Możliwość zostawienia mebli w kuchni

Zapraszamy na oglądanie
+48576854337

";Zapytaj;37,2 m²;64440193;10 dni temu;6 dni temu
https://www.otodom.pl/pl/oferta/mieszkanie-przy-parku-julianowskim-z-kredytem-2-ID4mccE;;20230731;"['https://ireland.apollo.olxcdn.com/v1/files/eyJmbiI6IjIxMzE0MHhzamR0aDMtQVBMIiwidyI6W3siZm4iOiJlbnZmcXFlMWF5NGsxLUFQTCIsInMiOiIxNCIsInAiOiIxMCwtMTAiLCJhIjoiMCJ9XX0.NFpMd9POXOw9qj0iIpeagp-IAArEC6R_dvHz2o8zgYM/image;s=184x138;q=80', 'https://ireland.apollo.olxcdn.com/v1/files/eyJmbiI6IjJ1Zjhxd3M4YXlzNi1BUEwiLCJ3IjpbeyJmbiI6ImVudmZxcWUxYXk0azEtQVBMIiwicyI6IjE0IiwicCI6IjEwLC0xMCIsImEiOiIwIn1dfQ.aspRDSFEqVbisZ-vUnhRUY6iBdI0Beh6cVlHzIIybQ0/image;s=184x138;q=80', 'https://ireland.apollo.olxcdn.com/v1/files/eyJmbiI6Ink2eDZ2cHl3N2R0OC1BUEwiLCJ3IjpbeyJmbiI6ImVudmZxcWUxYXk0azEtQVBMIiwicyI6IjE0IiwicCI6IjEwLC0xMCIsImEiOiIwIn1dfQ.vs-2-kHXItlIFcPh3R2-i_QsCxmwTqwiHkuAnT3gkH4/image;s=184x138;q=80', 'https://ireland.apollo.olxcdn.com/v1/files/eyJmbiI6Im9oNTVobTdzOGJrbDMtQVBMIiwidyI6W3siZm4iOiJlbnZmcXFlMWF5NGsxLUFQTCIsInMiOiIxNCIsInAiOiIxMCwtMTAiLCJhIjoiMCJ9XX0.SoiomlGlrbHUkoVcY1_F4crFemsOCjzrOdvc9j0A1zg/image;s=184x138;q=80', 'https://ireland.apollo.olxcdn.com/v1/files/eyJmbiI6Im4xNWNiZnQxcmJycS1BUEwiLCJ3IjpbeyJmbiI6ImVudmZxcWUxYXk0azEtQVBMIiwicyI6IjE0IiwicCI6IjEwLC0xMCIsImEiOiIwIn1dfQ.2yWQ2RStMHre1c26G8L7VD6WbdRagyAhk_C0ZzmavpQ/image;s=184x138;q=80', 'https://ireland.apollo.olxcdn.com/v1/files/eyJmbiI6Im8zMzRsYjZmdXp1NzEtQVBMIiwidyI6W3siZm4iOiJlbnZmcXFlMWF5NGsxLUFQTCIsInMiOiIxNCIsInAiOiIxMCwtMTAiLCJhIjoiMCJ9XX0.Gw7Jd1rk7_VmNO_15RWMKwdaS3R0wgdKm0Zx6y1-ZL0/image;s=184x138;q=80', 'https://ireland.apollo.olxcdn.com/v1/files/eyJmbiI6InljNmUyMWswNGtleC1BUEwiLCJ3IjpbeyJmbiI6ImVudmZxcWUxYXk0azEtQVBMIiwicyI6IjE0IiwicCI6IjEwLC0xMCIsImEiOiIwIn1dfQ.6CCVofGfdD1D4MdisSU9l95oqN4u4gyAOCm74ueFmEk/image;s=184x138;q=80', 'https://ireland.apollo.olxcdn.com/v1/files/eyJmbiI6ImFwNjNzMW80bHUzdDEtQVBMIiwidyI6W3siZm4iOiJlbnZmcXFlMWF5NGsxLUFQTCIsInMiOiIxNCIsInAiOiIxMCwtMTAiLCJhIjoiMCJ9XX0.M0wDLpvVABlF25AGjFJGm54u6deDPFePyLsrvTzgCkg/image;s=184x138;q=80', 'https://ireland.apollo.olxcdn.com/v1/files/eyJmbiI6ImlicWh0M3N5czQyazMtQVBMIiwidyI6W3siZm4iOiJlbnZmcXFlMWF5NGsxLUFQTCIsInMiOiIxNCIsInAiOiIxMCwtMTAiLCJhIjoiMCJ9XX0.dmHJUhGEctruefGsS0OF3Nr_iHaY6PKUQSZ7PnKgStA/image;s=184x138;q=80', 'https://ireland.apollo.olxcdn.com/v1/files/eyJmbiI6Impwa2R1MnhrZmhpbzEtQVBMIiwidyI6W3siZm4iOiJlbnZmcXFlMWF5NGsxLUFQTCIsInMiOiIxNCIsInAiOiIxMCwtMTAiLCJhIjoiMCJ9XX0.1lJVYD_EslRyD2qriH9dwvHfPTWLzpA-S--zUZmTpgU/image;s=184x138;q=80', 'https://ireland.apollo.olxcdn.com/v1/files/eyJmbiI6InBvM296Y2Z4NGF4YjItQVBMIiwidyI6W3siZm4iOiJlbnZmcXFlMWF5NGsxLUFQTCIsInMiOiIxNCIsInAiOiIxMCwtMTAiLCJhIjoiMCJ9XX0.J1N6TY9nhjR5WTlRvfbyjOuJHNaKfyT1NQcMWwXhbJM/image;s=184x138;q=80', 'https://ireland.apollo.olxcdn.com/v1/files/eyJmbiI6Ijg5bms1czFreDM3My1BUEwiLCJ3IjpbeyJmbiI6ImVudmZxcWUxYXk0azEtQVBMIiwicyI6IjE0IiwicCI6IjEwLC0xMCIsImEiOiIwIn1dfQ.5Jtr2eXYqscXRTHxPGfLRb0xpsYWhk34yhFaW4Rh-yw/image;s=184x138;q=80', 'https://ireland.apollo.olxcdn.com/v1/files/eyJmbiI6ImIyNXRjZTloeGVxNDEtQVBMIiwidyI6W3siZm4iOiJlbnZmcXFlMWF5NGsxLUFQTCIsInMiOiIxNCIsInAiOiIxMCwtMTAiLCJhIjoiMCJ9XX0.OWDK-jH7Ql5qW3q8zuFWZezcdQGY4iOXx4j1ZjgeHi4/image;s=184x138;q=80']";797 001 970;4/4;450 zł;drewniane;biuro nieruchomości ;wtórny;miejskie;pustak;blok;Kamil Kołodziejczak;Zapytaj;1990;do zamieszkania;2 ;brak informacji;nie;lodówka, meble, piekarnik, kuchenka, pralka;drzwi / okna antywłamaniowe, domofon / wideofon;telewizja kablowa, internet, telefon;balkon;brak informacji;pełna własność;"Zapraszamy do odkrycia tej uroczej nieruchomości w świetnej lokalizacji, usytuowanej w sercu Łodzi - w dzielnicy Julianów. (Ul. Liściasta), z widokiem na staw ,,Zgierska"".

To urokliwe mieszkanie składa się z dwóch przestronnych pokoi, kuchni oraz łazienki z osobnym WC, co zapewnia maksymalny komfort dla Twojej rodziny. Całkowita powierzchnia 54 m.kw. daje wystarczająco dużo miejsca do cieszenia się swoim prywatnym azylem.

Lokalizacja tego mieszkania to prawdziwy atut. Dobrze skomunikowane względem Centrum Łodzi, dzięki bliskości przystanku tramwajowego (ok. 150 m) i autobusowego (ok. 200 m), umożliwi Ci szybkie i wygodne podróżowanie po całym mieście. Ponadto, możliwość skorzystania z bezpiecznego kredytu w wysokości 2% ułatwi Ci finalizację zakupu tego wymarzonego miejsca.

Dodatkowo, do mieszkania przynależy komórka lokatorska, co pozwoli Ci na przechowywanie dodatkowych rzeczy, bez konieczności zagrażania przestrzeni wewnątrz mieszkania.

To mieszkanie jest gotowe do wprowadzenia! Nie musisz się martwić o długotrwałe remonty czy prace naprawcze - możesz od razu poczuć się jak w domu.

Nie zwlekaj dłużej i zadzwoń już teraz, aby dowiedzieć się więcej na temat tej wyjątkowej oferty. Ta nieruchomość szybko może znaleźć swojego szczęśliwego właściciela - być może Ciebie!";Film;54 m²;64395472;25 dni temu;1 dzień temu
https://www.otodom.pl/pl/oferta/mieszkanie-na-radogoszczu-wyremontuj-po-swojemu-ID4mjEb;;20230731;"['https://ireland.apollo.olxcdn.com/v1/files/eyJmbiI6IjZpODl3Nmc5eHlwNTItQVBMIiwidyI6W3siZm4iOiJlbnZmcXFlMWF5NGsxLUFQTCIsInMiOiIxNCIsInAiOiIxMCwtMTAiLCJhIjoiMCJ9XX0.z6WnQmfpz1aNoseFmAkSdsjCOuXepHqC2DSS-MPaQIA/image;s=184x138;q=80', 'https://ireland.apollo.olxcdn.com/v1/files/eyJmbiI6IjBmdm85MW1idWI2ay1BUEwiLCJ3IjpbeyJmbiI6ImVudmZxcWUxYXk0azEtQVBMIiwicyI6IjE0IiwicCI6IjEwLC0xMCIsImEiOiIwIn1dfQ.bxNe5xwpkjp8BlGh9gUFDfOAp7JOm39eb1Ctv3zCW8w/image;s=184x138;q=80', 'https://ireland.apollo.olxcdn.com/v1/files/eyJmbiI6Imoxb2I0NDZ4dmx3cDItQVBMIiwidyI6W3siZm4iOiJlbnZmcXFlMWF5NGsxLUFQTCIsInMiOiIxNCIsInAiOiIxMCwtMTAiLCJhIjoiMCJ9XX0.GgmOUeDTBAy9QZd9-_A39qwwjMVxzWQJ3wORN8vplpg/image;s=184x138;q=80', 'https://ireland.apollo.olxcdn.com/v1/files/eyJmbiI6IjdzdzhxZGdieW1lcDMtQVBMIiwidyI6W3siZm4iOiJlbnZmcXFlMWF5NGsxLUFQTCIsInMiOiIxNCIsInAiOiIxMCwtMTAiLCJhIjoiMCJ9XX0.8jmF-0MUNYFPZBkdXBvtHCcmP7DIyrPWf_JuaEsG5ww/image;s=184x138;q=80', 'https://ireland.apollo.olxcdn.com/v1/files/eyJmbiI6ImQyc3FvNnVrOTZiNi1BUEwiLCJ3IjpbeyJmbiI6ImVudmZxcWUxYXk0azEtQVBMIiwicyI6IjE0IiwicCI6IjEwLC0xMCIsImEiOiIwIn1dfQ.Bi4YjcMDuVf4QuzS3KbHcZ86veEnlVs_pO1kDgNeLEo/image;s=184x138;q=80', 'https://ireland.apollo.olxcdn.com/v1/files/eyJmbiI6InR4eWFybXJqMjBwNDItQVBMIiwidyI6W3siZm4iOiJlbnZmcXFlMWF5NGsxLUFQTCIsInMiOiIxNCIsInAiOiIxMCwtMTAiLCJhIjoiMCJ9XX0.bKg3WRxHEV20ksX0oLSoolXhS7dLGYfCg6iaR9nR1uE/image;s=184x138;q=80', 'https://ireland.apollo.olxcdn.com/v1/files/eyJmbiI6InVtdG1tejJwbG1kNS1BUEwiLCJ3IjpbeyJmbiI6ImVudmZxcWUxYXk0azEtQVBMIiwicyI6IjE0IiwicCI6IjEwLC0xMCIsImEiOiIwIn1dfQ.0M9xsxcdrXRzUyFdTAXxdQ-XpOAdhq0eMszkVJzlEko/image;s=184x138;q=80', 'https://ireland.apollo.olxcdn.com/v1/files/eyJmbiI6IjZyaDh4am12MXdlNjMtQVBMIiwidyI6W3siZm4iOiJlbnZmcXFlMWF5NGsxLUFQTCIsInMiOiIxNCIsInAiOiIxMCwtMTAiLCJhIjoiMCJ9XX0.Hl5BdXa4ApHpykZ1Jx2YJb8jrWmSJbd7kWW8MTVdGPA/image;s=184x138;q=80', 'https://ireland.apollo.olxcdn.com/v1/files/eyJmbiI6ImI0MmQwZWt6bTdwcC1BUEwiLCJ3IjpbeyJmbiI6ImVudmZxcWUxYXk0azEtQVBMIiwicyI6IjE0IiwicCI6IjEwLC0xMCIsImEiOiIwIn1dfQ.iiMXvUKSBPDjZZJH0-2T9UHucezu-48yGe8FZrHOciU/image;s=184x138;q=80', 'https://ireland.apollo.olxcdn.com/v1/files/eyJmbiI6Im1nYTAwazNoZ3RjaDEtQVBMIiwidyI6W3siZm4iOiJlbnZmcXFlMWF5NGsxLUFQTCIsInMiOiIxNCIsInAiOiIxMCwtMTAiLCJhIjoiMCJ9XX0.m3zWT6uUeq7JDOq6He92LQLrzJ0niLFlS9JovUzClMw/image;s=184x138;q=80', 'https://ireland.apollo.olxcdn.com/v1/files/eyJmbiI6IndkY2RuOG10NWcwaTItQVBMIiwidyI6W3siZm4iOiJlbnZmcXFlMWF5NGsxLUFQTCIsInMiOiIxNCIsInAiOiIxMCwtMTAiLCJhIjoiMCJ9XX0.tR1VbmKVXaPkWHf9LVqmXFVac6YThG6HyjSrJgtgN_M/image;s=184x138;q=80', 'https://ireland.apollo.olxcdn.com/v1/files/eyJmbiI6ImZrZmxyYWVhNXZ1ZjEtQVBMIiwidyI6W3siZm4iOiJlbnZmcXFlMWF5NGsxLUFQTCIsInMiOiIxNCIsInAiOiIxMCwtMTAiLCJhIjoiMCJ9XX0.klK3SNBMqQxDxkzwrpokYf_Gljw3HLuTyyDdlpSq0x0/image;s=184x138;q=80', 'https://ireland.apollo.olxcdn.com/v1/files/eyJmbiI6Im1xMndvNnhseHJrejEtQVBMIiwidyI6W3siZm4iOiJlbnZmcXFlMWF5NGsxLUFQTCIsInMiOiIxNCIsInAiOiIxMCwtMTAiLCJhIjoiMCJ9XX0.d74zeibARzKahfCXZ4ZuQ4rmZdHdDm69sBePVZr03VI/image;s=184x138;q=80', 'https://ireland.apollo.olxcdn.com/v1/files/eyJmbiI6InlwdXBqNDFqOGpkczItQVBMIiwidyI6W3siZm4iOiJlbnZmcXFlMWF5NGsxLUFQTCIsInMiOiIxNCIsInAiOiIxMCwtMTAiLCJhIjoiMCJ9XX0.sdGSDRUyeg3f9lSVJVQuMQreO1HGqSO5iaeDk6Nu6Mk/image;s=184x138;q=80', 'https://ireland.apollo.olxcdn.com/v1/files/eyJmbiI6InNwcXc2Mmwxc2c3azItQVBMIiwidyI6W3siZm4iOiJlbnZmcXFlMWF5NGsxLUFQTCIsInMiOiIxNCIsInAiOiIxMCwtMTAiLCJhIjoiMCJ9XX0.JvJkaUQkp9XNnZV3SaAgLWmmgracuUs7t4uHICGlATg/image;s=184x138;q=80', 'https://ireland.apollo.olxcdn.com/v1/files/eyJmbiI6IjZ3NjY3cjQ4djl1NzEtQVBMIiwidyI6W3siZm4iOiJlbnZmcXFlMWF5NGsxLUFQTCIsInMiOiIxNCIsInAiOiIxMCwtMTAiLCJhIjoiMCJ9XX0.ONx0C2kH7v-5VTt1qDcRUr6INIzESN5aqmYR8X5E6uY/image;s=184x138;q=80']";532 900 222;3/4;670 zł;drewniane;biuro nieruchomości ;wtórny;miejskie;wielka płyta;blok;Patrycja Bednarek;Zapytaj;1992;do remontu;2 ;brak informacji;nie;lodówka, meble, piekarnik, kuchenka, pralka;domofon / wideofon;telewizja kablowa, internet;balkon;piwnica, oddzielna kuchnia;pełna własność;"Na sprzedaż przedstawiamy Państwu M3 zlokalizowane na łódzkim Radogoszczu przy ul. Świtezianki 21.Mieszkanie znajduje się na 3 piętrze 4-ro kondygnacyjnego bloku. Metraż to 54,9 m2 i składają się na niego:- przestronny przedpokój, w którym jest miejsce m.in. na pojemną szafę,- pokój dzienny,- kuchnia - oddzielna, widna i na tyle duża, że można ją przerobić na dodatkowy pokój,- sypialnia,- łazienka, w której mieści się wanna,- oddzielna toaleta,- dużym atutem jest balkon, stanowiący dodatkową przestrzeń, który jest idealnym miejscem dla osób lubiących się opalać - spokojnie zmieści się na nim leżak lub meble ogrodowe.Z klatki schodowej wchodzi się przez wewnętrzny korytarz, prowadzący do trzech mieszkań, który jest dodatkową przestrzenią. Do mieszkania przynależy również komórka lokatorska.Dla mieszkańców tego bloku dostępne są miejsca parkingowego pod budynkiem - wjazd otwierany jest z pilota przez szlaban.Czynsz wynosi około 670 zł.Stan prawny: odrębna własność, z ""czystą"" Księgą Wieczystą, bez zadłużeń.Ten adres zapewnia doskonałą komunikację - zarówno autobusem (kilka przystanków w bardzo bliskiej odległości), jak i tramwajem - przystanki przy ul. Zgierskiej, a bliskość stacji kolejowej Łódź Radogoszcz Wschód również pociągiem.W pobliżu wszystko czego potrzeba do życia.Niewątpliwym ATUTEM jest mnóstwo miejsc wokół dla osób lubiących spacery czy wycieczki rowerowe - zaczynając od parków tuż przy bloku, poprzez Las Okręglik jak i Arturówek, w którym jest wiele atrakcji.Świetne mieszkanie poleca się do zakupu :)Jeśli masz dodatkowe pytania zapraszam do kontaktu:Patrycja Bednarek532 900 222Proszę o kontakt w celu umówienia prezentacji.Pomagamy również w uzyskiwaniu kredytu na zakup nieruchomości.Jeśli zakup wiąże się dla Ciebie ze sprzedażą innej nieruchomości - zadzwoń, chętnie porozmawiamy o transakcji wiązanej.Powyższy opis mieszkania nie jest ofertą w rozumieniu kodeksu cywilnego. Dane o ofercie według informacji zgłaszającego - mogą odbiegać od stanu faktycznego. Biuro nie ponosi odpowiedzialności za niezgodność danych z rzeczywistością.";tak;54,9 m²;64424087;14 dni temu;10 dni temu
https://www.otodom.pl/pl/oferta/mieszkanie-4-pokoje-w-centrum-lodzi-k-manufaktury-ID4lJfL;558162;20230731;"['https://ireland.apollo.olxcdn.com/v1/files/eyJmbiI6IngzbzRzN3Y2djczbTMtQVBMIiwidyI6W3siZm4iOiJlbnZmcXFlMWF5NGsxLUFQTCIsInMiOiIxNCIsInAiOiIxMCwtMTAiLCJhIjoiMCJ9XX0.dQaKP3wbqkJUVs5VQbkDAWGGe1nTkaWnmsdvmhBDfZg/image;s=184x138;q=80', 'https://ireland.apollo.olxcdn.com/v1/files/eyJmbiI6ImpxejgwNGg1bnBlajItQVBMIiwidyI6W3siZm4iOiJlbnZmcXFlMWF5NGsxLUFQTCIsInMiOiIxNCIsInAiOiIxMCwtMTAiLCJhIjoiMCJ9XX0.723lUCaGFKSwh6eOmowirl0Xv0QqmkaypPX7gvbDp84/image;s=184x138;q=80', 'https://ireland.apollo.olxcdn.com/v1/files/eyJmbiI6InE5N2p0YzY4NHBjczEtQVBMIiwidyI6W3siZm4iOiJlbnZmcXFlMWF5NGsxLUFQTCIsInMiOiIxNCIsInAiOiIxMCwtMTAiLCJhIjoiMCJ9XX0.rD16WHL3VB9q6Br5QTw26FpfM5ikjPOB73x99E2W4RU/image;s=184x138;q=80', 'https://ireland.apollo.olxcdn.com/v1/files/eyJmbiI6ImZ0cW94eXNkMm55bTItQVBMIiwidyI6W3siZm4iOiJlbnZmcXFlMWF5NGsxLUFQTCIsInMiOiIxNCIsInAiOiIxMCwtMTAiLCJhIjoiMCJ9XX0.4FxWTpnF8muJ2PPNpVYC-ez34D7a-T5t6vrVI8hEZMg/image;s=184x138;q=80', 'https://ireland.apollo.olxcdn.com/v1/files/eyJmbiI6IjBhczhjb3A0ZDVzNS1BUEwiLCJ3IjpbeyJmbiI6ImVudmZxcWUxYXk0azEtQVBMIiwicyI6IjE0IiwicCI6IjEwLC0xMCIsImEiOiIwIn1dfQ.1Vrvh_UXfiv3RxUCLIsMJGEpPWGH9HDGsVOEfhgESzU/image;s=184x138;q=80', 'https://ireland.apollo.olxcdn.com/v1/files/eyJmbiI6Ijg3dzJxeDJ0ZGg4ZTItQVBMIiwidyI6W3siZm4iOiJlbnZmcXFlMWF5NGsxLUFQTCIsInMiOiIxNCIsInAiOiIxMCwtMTAiLCJhIjoiMCJ9XX0.JqWHxvxk-jSMIBXr1p3sI4pMVL4cdgfSz7Q1CbatVbU/image;s=184x138;q=80', 'https://ireland.apollo.olxcdn.com/v1/files/eyJmbiI6ImhsbXp1cGdlMHJpei1BUEwiLCJ3IjpbeyJmbiI6ImVudmZxcWUxYXk0azEtQVBMIiwicyI6IjE0IiwicCI6IjEwLC0xMCIsImEiOiIwIn1dfQ.DdcxoHM-l7qLQBmwsfJG9uTxAJ9zuLirmf090x8k0Js/image;s=184x138;q=80', 'https://ireland.apollo.olxcdn.com/v1/files/eyJmbiI6InN0d2llMHk0NHc0ZS1BUEwiLCJ3IjpbeyJmbiI6ImVudmZxcWUxYXk0azEtQVBMIiwicyI6IjE0IiwicCI6IjEwLC0xMCIsImEiOiIwIn1dfQ.jPNWrK0xmL3fvajgBwtEeScbALzfORoAQZR7oTjg-g0/image;s=184x138;q=80', 'https://ireland.apollo.olxcdn.com/v1/files/eyJmbiI6InBheXhtajZ3N3J1NDItQVBMIiwidyI6W3siZm4iOiJlbnZmcXFlMWF5NGsxLUFQTCIsInMiOiIxNCIsInAiOiIxMCwtMTAiLCJhIjoiMCJ9XX0.ftstMDicT5P0_NeXbD1EnzS4pbfDqQ1j4p9FLYpGxQ8/image;s=184x138;q=80', 'https://ireland.apollo.olxcdn.com/v1/files/eyJmbiI6ImowenZwM3kybnMxbC1BUEwiLCJ3IjpbeyJmbiI6ImVudmZxcWUxYXk0azEtQVBMIiwicyI6IjE0IiwicCI6IjEwLC0xMCIsImEiOiIwIn1dfQ.GMI-9fOehRoaQ39uuhDhx_t0ZjuoFAYjLTZY-zc5ZqU/image;s=184x138;q=80', 'https://ireland.apollo.olxcdn.com/v1/files/eyJmbiI6Im9ueWFvMXA4NHA2MTMtQVBMIiwidyI6W3siZm4iOiJlbnZmcXFlMWF5NGsxLUFQTCIsInMiOiIxNCIsInAiOiIxMCwtMTAiLCJhIjoiMCJ9XX0.I4-NqQbnxouKN4gy74Fzj1xCNVZ3c5prU_TdU2vm2OM/image;s=184x138;q=80', 'https://ireland.apollo.olxcdn.com/v1/files/eyJmbiI6IndnYWU2aWg4azBzai1BUEwiLCJ3IjpbeyJmbiI6ImVudmZxcWUxYXk0azEtQVBMIiwicyI6IjE0IiwicCI6IjEwLC0xMCIsImEiOiIwIn1dfQ._R1h-EEtbduAIkwmanMBXotSgLsat0BlYuIDZq31CNo/image;s=184x138;q=80', 'https://ireland.apollo.olxcdn.com/v1/files/eyJmbiI6ImtoN3F3b3dtaXJqeDEtQVBMIiwidyI6W3siZm4iOiJlbnZmcXFlMWF5NGsxLUFQTCIsInMiOiIxNCIsInAiOiIxMCwtMTAiLCJhIjoiMCJ9XX0.NNKSCE5CsKmlZqP9dSQt7opE28ohIDw8NJCEkCqa8Ws/image;s=184x138;q=80', 'https://ireland.apollo.olxcdn.com/v1/files/eyJmbiI6InVtdDh6NzRvN2h2eDEtQVBMIiwidyI6W3siZm4iOiJlbnZmcXFlMWF5NGsxLUFQTCIsInMiOiIxNCIsInAiOiIxMCwtMTAiLCJhIjoiMCJ9XX0.E2oGO6BLCZ5Lv3u0dAYVJu7EyZm-MgZ3cwnnB-Y3JxA/image;s=184x138;q=80', 'https://ireland.apollo.olxcdn.com/v1/files/eyJmbiI6ImQ2NDUybjAxaXlhNTMtQVBMIiwidyI6W3siZm4iOiJlbnZmcXFlMWF5NGsxLUFQTCIsInMiOiIxNCIsInAiOiIxMCwtMTAiLCJhIjoiMCJ9XX0.cbvHP6EnpvwOd78jKjDJOJiLWE8RE58pKryxZJEldBI/image;s=184x138;q=80', 'https://ireland.apollo.olxcdn.com/v1/files/eyJmbiI6ImYwazdqemdkMG81YS1BUEwiLCJ3IjpbeyJmbiI6ImVudmZxcWUxYXk0azEtQVBMIiwicyI6IjE0IiwicCI6IjEwLC0xMCIsImEiOiIwIn1dfQ.Aajow3rpBrCXJpzBlLJlw9jcvMTUOKMcVCwvbYUdM10/image;s=184x138;q=80']";532 900 222;1/3;996 zł;plastikowe;biuro nieruchomości ;wtórny;miejskie;cegła;kamienica;Patrycja Bednarek;garaż/miejsce parkingowe;1870;do zamieszkania;4 ;brak informacji;nie;meble;drzwi / okna antywłamaniowe, domofon / wideofon;brak informacji;balkon;pom. użytkowe;pełna własność;Pragnę przedstawić Państwu klimatyczne mieszkanie czteropokojowe zlokalizowane przy ul. Próchnika. Mieszkanie mieści się na 1 piętrze kamienicy, co jest zdecydowanym atutem.Na metraż 82,20 m2 składają się:- przedpokój- salon- 3 pokoje- kuchnia- garderoba- wc- łazienkaDodatkowymi przestrzeniami są balkon, na który wychodzi się z salonu, oraz 2 komórki w piwnicy.Media: budynek korzysta z centralnego ogrzewania, ciepła woda z sieci miejskiej, gaz.Wewnątrz znajdują się 2 piece, jeden obecnie pełni rolę ozdobną.Lokalizacja zapewnia dogodny dojazd do każdej części miasta.W bliskiej odległości znajduje się Park Staromiejski, Manufaktura oraz liczne punkty handlowo-usługowe. Do ul. Piotrkowskiej zaledwie 650 m, do Galerii Łódzkiej 3 km.Nieruchomość nadaje się do wprowadzenia/odświeżenia, nie ma potrzeby remontowania kuchni czy łazienki.Czynsz przy 4 osobach wynosi 996 zł wliczając w to: centralne ogrzewanie, podgrzanie wody, wywóz i segregację nieczystości, fundusz remontowy, zimną wodę i odprowadzenie ścieków, moc zamówioną (czyli opłaty stałej, zależnej od zapotrzebowania budynku na moc cieplną), zaliczkę na utrzymanie części wspólnych nieruchomości.W celu umówienia się na prezentację proszę o kontakt: 532 900 222Powyższy opis nie jest ofertą w rozumieniu kodeksu cywilnego. Dane o ofercie według informacji zgłaszającego - mogą odbiegać od stanu faktycznego. Biuro nie ponosi odpowiedzialności za niezgodność danych z rzeczywistością.;Zapytaj;82,2 m²;64284189;1 miesiąc temu;10 dni temu
https://www.otodom.pl/pl/oferta/nowa-cena-rokicie-funkcjonalna-kawalerka-na-10-p-ID4lOYJ;SLLDA15210;20230731;"['https://ireland.apollo.olxcdn.com/v1/files/eyJmbiI6ImhrdGhtNmpvYWxwaTMtQVBMIiwidyI6W3siZm4iOiJlbnZmcXFlMWF5NGsxLUFQTCIsInMiOiIxNCIsInAiOiIxMCwtMTAiLCJhIjoiMCJ9XX0.y79fAwA7OaoJfIldpY2vYR6604DQJxldoOGZK-XC0iY/image;s=184x138;q=80', 'https://ireland.apollo.olxcdn.com/v1/files/eyJmbiI6InRoOXA0aGVuOTVieTItQVBMIiwidyI6W3siZm4iOiJlbnZmcXFlMWF5NGsxLUFQTCIsInMiOiIxNCIsInAiOiIxMCwtMTAiLCJhIjoiMCJ9XX0.tSULnjOF7I9U2WfjojOoJFCkFrtnv1_wfeST5kGrx_o/image;s=184x138;q=80', 'https://ireland.apollo.olxcdn.com/v1/files/eyJmbiI6IjYwdnBnbXV1cTZ6NDItQVBMIiwidyI6W3siZm4iOiJlbnZmcXFlMWF5NGsxLUFQTCIsInMiOiIxNCIsInAiOiIxMCwtMTAiLCJhIjoiMCJ9XX0.LgV8GXs-rzknIz1puhkpaD0AV9cu8mEiEF-gPfeNLtY/image;s=184x138;q=80', 'https://ireland.apollo.olxcdn.com/v1/files/eyJmbiI6IjhhMXc3c3M4YWh5ajItQVBMIiwidyI6W3siZm4iOiJlbnZmcXFlMWF5NGsxLUFQTCIsInMiOiIxNCIsInAiOiIxMCwtMTAiLCJhIjoiMCJ9XX0.Y0_Imv5q5XrgpRhoVRpVBj_Xlrz7d3NHj5MseTmFBms/image;s=184x138;q=80', 'https://ireland.apollo.olxcdn.com/v1/files/eyJmbiI6Ijk4NjMwbWphdmE4djMtQVBMIiwidyI6W3siZm4iOiJlbnZmcXFlMWF5NGsxLUFQTCIsInMiOiIxNCIsInAiOiIxMCwtMTAiLCJhIjoiMCJ9XX0.g8WQ8D531hqbKONcJYomCYxS1PsRoLrXbaeXDMvWUL0/image;s=184x138;q=80', 'https://ireland.apollo.olxcdn.com/v1/files/eyJmbiI6Imk5c2RycWhza2V4azEtQVBMIiwidyI6W3siZm4iOiJlbnZmcXFlMWF5NGsxLUFQTCIsInMiOiIxNCIsInAiOiIxMCwtMTAiLCJhIjoiMCJ9XX0.m94gQUk7fntvqWrRuHzG8S24mzf2dglGFk1nq76dpCA/image;s=184x138;q=80', 'https://ireland.apollo.olxcdn.com/v1/files/eyJmbiI6InhiZDZzaTQxcjA2LUFQTCIsInciOlt7ImZuIjoiZW52ZnFxZTFheTRrMS1BUEwiLCJzIjoiMTQiLCJwIjoiMTAsLTEwIiwiYSI6IjAifV19.w9nJ46u82oB9Jao2u4GQFgNsACy1NpH-IA3DSK89PHc/image;s=184x138;q=80', 'https://ireland.apollo.olxcdn.com/v1/files/eyJmbiI6Im1maTdiZTRoZTA0YS1BUEwiLCJ3IjpbeyJmbiI6ImVudmZxcWUxYXk0azEtQVBMIiwicyI6IjE0IiwicCI6IjEwLC0xMCIsImEiOiIwIn1dfQ.PyHqqbrfFu3Mk5G3b174yjh6ws1ETKcnGSrDwSsRu3k/image;s=184x138;q=80', 'https://ireland.apollo.olxcdn.com/v1/files/eyJmbiI6ImJrc2picWs4cDBqaTMtQVBMIiwidyI6W3siZm4iOiJlbnZmcXFlMWF5NGsxLUFQTCIsInMiOiIxNCIsInAiOiIxMCwtMTAiLCJhIjoiMCJ9XX0.Nbv_kV1ZWxhejioEy1DnaAYqJ9XTeBkw5FKaVS_2orA/image;s=184x138;q=80', 'https://ireland.apollo.olxcdn.com/v1/files/eyJmbiI6ImMzY2N5bXp3eDI1bDMtQVBMIiwidyI6W3siZm4iOiJlbnZmcXFlMWF5NGsxLUFQTCIsInMiOiIxNCIsInAiOiIxMCwtMTAiLCJhIjoiMCJ9XX0.epCipgvoTCLTKlgFp3oiGjiuIKnZI1sQr0Z3Qo9ASiM/image;s=184x138;q=80', 'https://ireland.apollo.olxcdn.com/v1/files/eyJmbiI6Im02dDRteXZ4ZHEwOTMtQVBMIiwidyI6W3siZm4iOiJlbnZmcXFlMWF5NGsxLUFQTCIsInMiOiIxNCIsInAiOiIxMCwtMTAiLCJhIjoiMCJ9XX0.3QAAwSAori1RSbe03Pn1OrBSXGIgeLE2aVot4oxmr_0/image;s=184x138;q=80', 'https://ireland.apollo.olxcdn.com/v1/files/eyJmbiI6InowdG14OWIyZmVody1BUEwiLCJ3IjpbeyJmbiI6ImVudmZxcWUxYXk0azEtQVBMIiwicyI6IjE0IiwicCI6IjEwLC0xMCIsImEiOiIwIn1dfQ.ZYN1QwUJ4W4j-vCNQuva_Bj5wavLa3-JrJb7DGZ6LRY/image;s=184x138;q=80', 'https://ireland.apollo.olxcdn.com/v1/files/eyJmbiI6InM5c3NhaTQ3ZTlhcTMtQVBMIiwidyI6W3siZm4iOiJlbnZmcXFlMWF5NGsxLUFQTCIsInMiOiIxNCIsInAiOiIxMCwtMTAiLCJhIjoiMCJ9XX0.9O-q6lqgLRBEin6fZysYkL6wizJ-Yh2RKmJkTAc1Y84/image;s=184x138;q=80', 'https://ireland.apollo.olxcdn.com/v1/files/eyJmbiI6Ijd2bmNuZnV3ZnRlei1BUEwiLCJ3IjpbeyJmbiI6ImVudmZxcWUxYXk0azEtQVBMIiwicyI6IjE0IiwicCI6IjEwLC0xMCIsImEiOiIwIn1dfQ.yw8vI76mgdH7l1bkI9kbUZWP3xMD9rwjKBMvM7h4ISI/image;s=184x138;q=80', 'https://ireland.apollo.olxcdn.com/v1/files/eyJmbiI6IjlxcHA2OG0yemJtODMtQVBMIiwidyI6W3siZm4iOiJlbnZmcXFlMWF5NGsxLUFQTCIsInMiOiIxNCIsInAiOiIxMCwtMTAiLCJhIjoiMCJ9XX0.gIaqwPqkbs148xvTKLIamSm7mPJfNX79pbXP2jURgwE/image;s=184x138;q=80', 'https://ireland.apollo.olxcdn.com/v1/files/eyJmbiI6ImRqY28zb3k1ejlrdTMtQVBMIiwidyI6W3siZm4iOiJlbnZmcXFlMWF5NGsxLUFQTCIsInMiOiIxNCIsInAiOiIxMCwtMTAiLCJhIjoiMCJ9XX0.m9usmqyBw5jlVhwuP8CaMstRoHYUeqnGNy3UT10-7xU/image;s=184x138;q=80']";501 579 748;10/10;450 zł;plastikowe;biuro nieruchomości ;wtórny;miejskie;brak informacji;blok;Elżbieta Daszkiewicz;Zapytaj;1977;do zamieszkania;1 ;brak informacji;tak;zmywarka, meble;drzwi / okna antywłamaniowe, domofon / wideofon;internet;balkon;piwnica;pełna własność;"Rokicie. Większa, funkcjonalna kawalerka z balkonemBUDYNEK: Wieżowiec z lat 70-tych, ocieplony, odmalowany. Nowa kabina windy; nie ma zsypuROZKŁAD: jednostronne na zachód; przejście przez pokój do częściowo otwartej kuchniŚRODK./SZCZYT.: środkoweBALKON/LOGGIA: loggia na szerokość pokoju ok 3 m2, na podłodze terakota. Szeroki widok na panoramę Łodzi
- PRZEDPOKÓJ: niewielki, z miejscem na wieszak, szafkę na buty, pawlacz. Na podłodze terakota, ściany wyłożone panelami ściennymi- I POKÓJ: ok 22 m2 z wnęką 6 m2. Wnęka oddzielona od części dziennej przesuwanymi drzwiami, wykończonymi od strony pokoju tak jak ściany. We wnęce zabudowana pojemna szafa, miejsce na łóżkoNa podłodze mozaika parkietowa do odświeżenia. Wokół okna balkonowego zabudowane praktyczne półki na książki, dokumenty domowe itp.
- KUCHNIA: ok 7 m2 częściowo otwarta na pokój. Na ścianach elementy glazury, na podłodze terakota. Na tyłach kuchni bardzo pojemna spiżarnia oddzielona przesuwanymi drzwiamiW kuchni zostaje zmywarka, pozostawienie lodówki i kuchenki gazowej - do ustalenia
- ANEKS: na ścianie pomiędzy pokojem i kuchnią pomysłowe ""okienko podawcze"". - ŁAZIENKA: ok. 3 m2 razem z wc, wykończona ceramiką. Wanna narożna, miejsce na pralkę
MEDIA: miejskie, wodomierze, ciepło bez opomiarowaniaOKNA/DRZWI: drzwi wejściowe wymienione; okna pcv z roletami wewnętrznymi chroniącymi od nadmiaru słońcaMIEJSCE DLA SAMOCH.: pod blokiemCZAS OPUSZCZENIA: do końca sierpnia br.OPŁATY: 450 zł przy jednej zameldowanej osobie, w tym zaliczki na c.o. i wodę
PRZEZNACZENIE: wygodne mieszkanie dla jednej osoby, świetna oferta inwestycyjna pod kątem wynajmowania - blisko Politechnika Łódzka, Szpital im. M. Kopernika, niedaleko Port ŁódźŚwietna lokalizacja: blok odsunięty od ruchliwych ulic; dobra komunikacja: w zasięgu spaceru Rondo Lotników Lwowskich, wyjazd do tras szybkiego ruchu, bogate zaplecze handlowo - usługowe i edukacyjnePośrednik Elżbieta 501 579 748; 42 633 75 51Lic F PPRN n4 484";Zapytaj;34 m²;64306197;1 miesiąc temu;3 dni temu
https://www.otodom.pl/pl/oferta/os-pojezierska-rozkladowe-m-4-do-wlasnej-aranz-ID4kRqB;SLLDA15225;20230731;"['https://ireland.apollo.olxcdn.com/v1/files/eyJmbiI6IjR4cnRjcDd4ZzIzcS1BUEwiLCJ3IjpbeyJmbiI6ImVudmZxcWUxYXk0azEtQVBMIiwicyI6IjE0IiwicCI6IjEwLC0xMCIsImEiOiIwIn1dfQ.y-Inh1W6NA3noc22uSMiDnV-0677dQZulaeUDiuWXz4/image;s=184x138;q=80', 'https://ireland.apollo.olxcdn.com/v1/files/eyJmbiI6IjQ0bXhhYzJxYXRlZTMtQVBMIiwidyI6W3siZm4iOiJlbnZmcXFlMWF5NGsxLUFQTCIsInMiOiIxNCIsInAiOiIxMCwtMTAiLCJhIjoiMCJ9XX0.hSAfaRgfGsNE-Hv3dDi5IKmspEJq80js_IS6F0v76R4/image;s=184x138;q=80', 'https://ireland.apollo.olxcdn.com/v1/files/eyJmbiI6IjdmMTU4cTU3MWg3bC1BUEwiLCJ3IjpbeyJmbiI6ImVudmZxcWUxYXk0azEtQVBMIiwicyI6IjE0IiwicCI6IjEwLC0xMCIsImEiOiIwIn1dfQ.mDcY62sfTGS1Lg5r8pJKCC-eoyqgRx6q8HOgCXn7HRQ/image;s=184x138;q=80', 'https://ireland.apollo.olxcdn.com/v1/files/eyJmbiI6IjcyeDNvazRqZDZ0ajMtQVBMIiwidyI6W3siZm4iOiJlbnZmcXFlMWF5NGsxLUFQTCIsInMiOiIxNCIsInAiOiIxMCwtMTAiLCJhIjoiMCJ9XX0.uYJ0xE8q3YldOGvnpp8JxBSasMKxX1ugfGU48HohHbQ/image;s=184x138;q=80', 'https://ireland.apollo.olxcdn.com/v1/files/eyJmbiI6ImJ5ZTg3MWw3NHpjczMtQVBMIiwidyI6W3siZm4iOiJlbnZmcXFlMWF5NGsxLUFQTCIsInMiOiIxNCIsInAiOiIxMCwtMTAiLCJhIjoiMCJ9XX0.oLbPbSUVlzkHaL8Sk4TWJx7Jfuc3lCr9F6MPb4QgplU/image;s=184x138;q=80', 'https://ireland.apollo.olxcdn.com/v1/files/eyJmbiI6IjE5cXMzdmkzbWZlODItQVBMIiwidyI6W3siZm4iOiJlbnZmcXFlMWF5NGsxLUFQTCIsInMiOiIxNCIsInAiOiIxMCwtMTAiLCJhIjoiMCJ9XX0.4vDua5iGyknE35QhYN9jnGCYz7rdkSYZQPYd3hQDcwU/image;s=184x138;q=80', 'https://ireland.apollo.olxcdn.com/v1/files/eyJmbiI6Imk2N2p2ZndxbG8ycDEtQVBMIiwidyI6W3siZm4iOiJlbnZmcXFlMWF5NGsxLUFQTCIsInMiOiIxNCIsInAiOiIxMCwtMTAiLCJhIjoiMCJ9XX0.B8gCRR0QXiCmlXNLkUO4Is2IUz-xAjUeANAkxE-qiQw/image;s=184x138;q=80', 'https://ireland.apollo.olxcdn.com/v1/files/eyJmbiI6ImZqNDZzMXBkaWdhNy1BUEwiLCJ3IjpbeyJmbiI6ImVudmZxcWUxYXk0azEtQVBMIiwicyI6IjE0IiwicCI6IjEwLC0xMCIsImEiOiIwIn1dfQ.OraMDHotuHanLaKXzVgljSE_0kQrPrw6ljkBT21ZYwE/image;s=184x138;q=80', 'https://ireland.apollo.olxcdn.com/v1/files/eyJmbiI6Ijl3OGExY2h1aG1raTEtQVBMIiwidyI6W3siZm4iOiJlbnZmcXFlMWF5NGsxLUFQTCIsInMiOiIxNCIsInAiOiIxMCwtMTAiLCJhIjoiMCJ9XX0.W4stbO9LZV-S2zY4wXU9dC4s4EmmK9ldJXFOwi16RkQ/image;s=184x138;q=80', 'https://ireland.apollo.olxcdn.com/v1/files/eyJmbiI6Ijhlbm4zOHV1NXd5Yy1BUEwiLCJ3IjpbeyJmbiI6ImVudmZxcWUxYXk0azEtQVBMIiwicyI6IjE0IiwicCI6IjEwLC0xMCIsImEiOiIwIn1dfQ.u-BXL6ajPw9AZM_ahC0CQ_UlI0_Ka4bM6JLq58kqjXc/image;s=184x138;q=80', 'https://ireland.apollo.olxcdn.com/v1/files/eyJmbiI6InVidWR1ZmNxNTJmNjItQVBMIiwidyI6W3siZm4iOiJlbnZmcXFlMWF5NGsxLUFQTCIsInMiOiIxNCIsInAiOiIxMCwtMTAiLCJhIjoiMCJ9XX0.WrTuyNUXKfr8-lYqeeRsdvhC5TNbz7GU0BWsx_9nQyo/image;s=184x138;q=80', 'https://ireland.apollo.olxcdn.com/v1/files/eyJmbiI6Impwbmhpa3R0cTlsajEtQVBMIiwidyI6W3siZm4iOiJlbnZmcXFlMWF5NGsxLUFQTCIsInMiOiIxNCIsInAiOiIxMCwtMTAiLCJhIjoiMCJ9XX0.5Nyu4SiYO2GgCx6guUm5qRw7ah2gxsgMjYRA7jM6lSs/image;s=184x138;q=80', 'https://ireland.apollo.olxcdn.com/v1/files/eyJmbiI6InZpMnBvb3Y0YWFhcTEtQVBMIiwidyI6W3siZm4iOiJlbnZmcXFlMWF5NGsxLUFQTCIsInMiOiIxNCIsInAiOiIxMCwtMTAiLCJhIjoiMCJ9XX0.plTbX4MEbjLVZQkuBNdOlwBWfbq5lq8dYDP6ITwrLd4/image;s=184x138;q=80', 'https://ireland.apollo.olxcdn.com/v1/files/eyJmbiI6ImNtcTVpcmR0NzR6ZTItQVBMIiwidyI6W3siZm4iOiJlbnZmcXFlMWF5NGsxLUFQTCIsInMiOiIxNCIsInAiOiIxMCwtMTAiLCJhIjoiMCJ9XX0.2AKUrdgZ1NMa5nOagQy1d1S3p-hrprZ7hEiDfDxjxtk/image;s=184x138;q=80', 'https://ireland.apollo.olxcdn.com/v1/files/eyJmbiI6ImIwOHFnazk4Znd0YTItQVBMIiwidyI6W3siZm4iOiJlbnZmcXFlMWF5NGsxLUFQTCIsInMiOiIxNCIsInAiOiIxMCwtMTAiLCJhIjoiMCJ9XX0.BFeh6RiSg3vZP4pNPj951kn1UfOfyUOoK05D3AGSAxY/image;s=184x138;q=80', 'https://ireland.apollo.olxcdn.com/v1/files/eyJmbiI6InJ5emRmdHNmdTAwMjEtQVBMIiwidyI6W3siZm4iOiJlbnZmcXFlMWF5NGsxLUFQTCIsInMiOiIxNCIsInAiOiIxMCwtMTAiLCJhIjoiMCJ9XX0.LqILSgV7KbtC_f74q1cpDsqC16RZQfwlWQ7HR1hD5sc/image;s=184x138;q=80', 'https://ireland.apollo.olxcdn.com/v1/files/eyJmbiI6IjdrOTc5Zm5sOGZhdTEtQVBMIiwidyI6W3siZm4iOiJlbnZmcXFlMWF5NGsxLUFQTCIsInMiOiIxNCIsInAiOiIxMCwtMTAiLCJhIjoiMCJ9XX0.Bb8PSw4lCI-gj8ymPm5D0Fjkw_1cUeIjvL5n6YxUXN8/image;s=184x138;q=80', 'https://ireland.apollo.olxcdn.com/v1/files/eyJmbiI6IjkxZm1rdjY3ZzJobC1BUEwiLCJ3IjpbeyJmbiI6ImVudmZxcWUxYXk0azEtQVBMIiwicyI6IjE0IiwicCI6IjEwLC0xMCIsImEiOiIwIn1dfQ.UoTmpkkLcTnHYKs5m1899y5v2yyndsWIsPYwNClLR28/image;s=184x138;q=80']";501 579 748;parter/10;480 zł;plastikowe;biuro nieruchomości ;wtórny;miejskie;wielka płyta;blok;Elżbieta Daszkiewicz;Zapytaj;1975;do remontu;3 ;brak informacji;nie;kuchenka;domofon / wideofon;brak informacji;balkon;piwnica, oddzielna kuchnia;pełna własność;"Osiedle Pojezierska. Rozkładowe M-4 na parterze wieżowcaMieszkanie do własnej aranżacji o funkcjonalnym układzie.
BUDYNEK: wieżowiec z 1975 roku, po termomodernizacji, czysta klatka schodowaROZKŁAD: pełny rozkład; dwustronne wschód - zachódŚRODK./SZCZYT.: środkoweBALKON/LOGGIA: półloggia, wykończona terakotą
- PRZEDPOKÓJ: podwójny: w pierwszej części wejście do największego pokoju, kuchni i łazienki, a w drugiej części szafa wnękowa i wejścia do dwóch mniejszych pokoi- I POKÓJ: 5 x 3,10 m2; pokój dzienny, loggia. Na podłodze wykładzina na płytkach pcv; ściany gładź gipsowa, malowane- II POKÓJ: 5 x 2,5 m2 - wykończenie podłogi i ścian tak jak w poprzednim pokoju. Szerokie okno na całą ścianę pokoju. - III POKÓJ: 3,9 x 2,5 m2 - wykończenie jw:
- KUCHNIA: 3 x 2 m2, z oknem; elementy glazury na ścianach, na podłodze wykładzina- ŁAZIENKA: 2,10 x 1,5 m2 razem z wc, kabina natryskowa, miejsce na pralkę. Łazienka wykończona glazurą, terakotą Pierwotnie były dwa oddzielne pomieszczenia łazienka i niewielkie wc z drzwiami wejściowymi tuż przy kuchni. Aktualny układ poprawił znacznie funkcjonalność - pozwolił na wygospodarowanie miejsca na pralkę
MEDIA: miejskie, c.o. opomiarowane, wodomierzeOKNA/DRZWI: okna pcv; drzwi wejściowe podwójne, wewnętrzne standardoweMIEJSCE DLA SAMOCH.: pod blokiemCZAS OPUSZCZENIA: wolneOPŁATY: 480 zł przy deklaracji, że w mieszkaniu nie przebywa żadna osobaDo mieszkania przynależy piwnica.
PRZEZNACZENIE: funkcjonalne mieszkanie dla 1 do 4 osób.W pobliżu bogate zaplecze handlowe, edukacyjne. Niedaleko do komunikacji miejskiej.Pośrednik Elżbieta 501 579 748; 42 633 75 51Lic. F PPRN nr 484";Zapytaj;57 m²;64077285;4 miesiące temu;6 dni temu
https://www.otodom.pl/pl/oferta/nowa-cena-trzy-pokoje-na-1-pietrze-kamienicy-ID4hCKN;;20230731;;;;;;;;;;;;;;;;;;;;;;;;INACTIVE;;;;;
https://www.otodom.pl/pl/oferta/kawalerka-w-centrum-lodzi-ID4mnNM;;20230731;"['https://ireland.apollo.olxcdn.com/v1/files/eyJmbiI6Imd2NjRnbjI5NzJhdTItQVBMIiwidyI6W3siZm4iOiJlbnZmcXFlMWF5NGsxLUFQTCIsInMiOiIxNCIsInAiOiIxMCwtMTAiLCJhIjoiMCJ9XX0.ndY6idL7naD2i_8pNy5RGuhKgiFFpxN7CK3Heo-qE-0/image;s=184x138;q=80', 'https://ireland.apollo.olxcdn.com/v1/files/eyJmbiI6Iml1bW54cTM2eXB5Yy1BUEwiLCJ3IjpbeyJmbiI6ImVudmZxcWUxYXk0azEtQVBMIiwicyI6IjE0IiwicCI6IjEwLC0xMCIsImEiOiIwIn1dfQ.wywpvj9auAYZAWVwmx6bv-CoLm72JVn4y_4Gph7S0GM/image;s=184x138;q=80', 'https://ireland.apollo.olxcdn.com/v1/files/eyJmbiI6Im56Z3pwMzRnenI0Yi1BUEwiLCJ3IjpbeyJmbiI6ImVudmZxcWUxYXk0azEtQVBMIiwicyI6IjE0IiwicCI6IjEwLC0xMCIsImEiOiIwIn1dfQ.gQ2DZXx3WBCT9Jb_jvo1T4Em1WOxUoW2Mit9jPgODdc/image;s=184x138;q=80', 'https://ireland.apollo.olxcdn.com/v1/files/eyJmbiI6Im8xbTExcnNzdzc5cDEtQVBMIiwidyI6W3siZm4iOiJlbnZmcXFlMWF5NGsxLUFQTCIsInMiOiIxNCIsInAiOiIxMCwtMTAiLCJhIjoiMCJ9XX0.TYWSQA4z7ELXOKZhYKmdWvq4ixcjgxZk5atqmCdN2N8/image;s=184x138;q=80', 'https://ireland.apollo.olxcdn.com/v1/files/eyJmbiI6IjN3bXlpNWU0NmV3eDItQVBMIiwidyI6W3siZm4iOiJlbnZmcXFlMWF5NGsxLUFQTCIsInMiOiIxNCIsInAiOiIxMCwtMTAiLCJhIjoiMCJ9XX0.jjwhXPfxyapcGpcBGXSn74QEw5WvY7dCPplTvcgBkXw/image;s=184x138;q=80']";662 244 441;poddasze/4;Zapytaj;drewniane;prywatny;wtórny;miejskie;brak informacji;kamienica;Ola;Zapytaj;1924;do wykończenia;1 ;brak informacji;nie;brak informacji;brak informacji;brak informacji;Zapytaj;brak informacji;pełna własność;"SPRZEDAM KAWALERKĘ W STANIE DEWELOPERSKIM
Zapraszam do zakupu kawalerki na poddaszu przy ul. Abramowskiego w Łodzi.
Mieszkania po generalnym remoncie. Nowe instalacje, wykończenie, nowoczesne okna dachowe doświetlają wnętrze.
Oferuję 3 mieszkania do wyboru.
Kawalerka składa się z salonu z aneksem kuchennym z możliwością wydzielenia sypialni wg. życzenia nabywcy, oraz łazienki. W mieszkaniu ogrzewanie podłogowe. Media z sieci.
Dogodna lokalizacja w centrum miasta stanowi doskonałą alternatywę dla akademika, mieszkania pod wynajem lub wygodne mieszkanie dla singla lub pary.
Do centrum przesiadkowego ok. 15 minut spacerem.
Oferta prywatna
Tel. Kontaktowy: 513 803 374
ZAPRASZAM!";Zapytaj;30 m²;64440058;10 dni temu;6 dni temu
https://www.otodom.pl/pl/oferta/mieszkanie-rozkladowe-35-m2-ID4mnNG;;20230731;"['https://ireland.apollo.olxcdn.com/v1/files/eyJmbiI6InIycnFrYWxlbjFlZzEtQVBMIiwidyI6W3siZm4iOiJlbnZmcXFlMWF5NGsxLUFQTCIsInMiOiIxNCIsInAiOiIxMCwtMTAiLCJhIjoiMCJ9XX0.HTkvVUrLmkL0PbTzpSuTYamr4PzPsAu9uG_IEOqL4eE/image;s=184x138;q=80', 'https://ireland.apollo.olxcdn.com/v1/files/eyJmbiI6Iml5bWRoOXJ1eWFycTEtQVBMIiwidyI6W3siZm4iOiJlbnZmcXFlMWF5NGsxLUFQTCIsInMiOiIxNCIsInAiOiIxMCwtMTAiLCJhIjoiMCJ9XX0.ahsmlDSnvvOJpi56VYput_nbRznB71nLmdzAPPP6YkI/image;s=184x138;q=80', 'https://ireland.apollo.olxcdn.com/v1/files/eyJmbiI6Im1yc245ZmZ6bGdpczItQVBMIiwidyI6W3siZm4iOiJlbnZmcXFlMWF5NGsxLUFQTCIsInMiOiIxNCIsInAiOiIxMCwtMTAiLCJhIjoiMCJ9XX0.pAxQJ5F7d7s2LuuOhv5wQFliUMoNvCC_qSsS_xEybIw/image;s=184x138;q=80', 'https://ireland.apollo.olxcdn.com/v1/files/eyJmbiI6IjRkc3k0Nm1sajM3ZTItQVBMIiwidyI6W3siZm4iOiJlbnZmcXFlMWF5NGsxLUFQTCIsInMiOiIxNCIsInAiOiIxMCwtMTAiLCJhIjoiMCJ9XX0.gw0w7h0kv7_lNU8GpZv03thAi5jH40L4L1BqlDfIFc8/image;s=184x138;q=80', 'https://ireland.apollo.olxcdn.com/v1/files/eyJmbiI6Imw3ZHYzdGI3aTViYjMtQVBMIiwidyI6W3siZm4iOiJlbnZmcXFlMWF5NGsxLUFQTCIsInMiOiIxNCIsInAiOiIxMCwtMTAiLCJhIjoiMCJ9XX0.haH6qxSFlNcwwhL2sNX1-94nvZx27EEb9IGbT8PzxJA/image;s=184x138;q=80', 'https://ireland.apollo.olxcdn.com/v1/files/eyJmbiI6InE4NG56cGw0emQ1cTEtQVBMIiwidyI6W3siZm4iOiJlbnZmcXFlMWF5NGsxLUFQTCIsInMiOiIxNCIsInAiOiIxMCwtMTAiLCJhIjoiMCJ9XX0.YKmplwoUyQBv1HdJmvHaB4BidnUh8zKuIiR0bBiwyF0/image;s=184x138;q=80', 'https://ireland.apollo.olxcdn.com/v1/files/eyJmbiI6ImV0MmR0MTJ2NGFqdjMtQVBMIiwidyI6W3siZm4iOiJlbnZmcXFlMWF5NGsxLUFQTCIsInMiOiIxNCIsInAiOiIxMCwtMTAiLCJhIjoiMCJ9XX0.uMbTMHlF_m5PlurIBASCpSzaJddHsl6JSAHobINHc7c/image;s=184x138;q=80', 'https://ireland.apollo.olxcdn.com/v1/files/eyJmbiI6IjhyemVxazh0Z2RyMjEtQVBMIiwidyI6W3siZm4iOiJlbnZmcXFlMWF5NGsxLUFQTCIsInMiOiIxNCIsInAiOiIxMCwtMTAiLCJhIjoiMCJ9XX0.G6uzqe7Em9gkYPeMYXRjf41AEICsPwJkfsy7pbG6JI4/image;s=184x138;q=80']";661 900 415;4/4;Zapytaj;plastikowe;prywatny;wtórny;miejskie;wielka płyta;blok;Agnieszka;Zapytaj;1961;do zamieszkania;2 ;brak informacji;nie;lodówka, meble, kuchenka, pralka;domofon / wideofon;telewizja kablowa, internet;balkon;piwnica, oddzielna kuchnia;pełna własność;"Sprzedam, ładne, rozkładowe, przytulne mieszkanie z wystawą okien na południe i zielonym widokiem z balkonu.Do mieszkania przynależy komórka lokatorska.Zainteresowanym mogę przesłać dodatkowe zdjęcia.Aktualnie czynsz ze wszystkimi zaliczkami dla 3 osób to 670,87 PLN.Do końca lipca mieszkanie ma opiekunów a później może należeć do kogoś fajnego ;)W najblizym sąsiedztwie są liczne sklepy, przedszkole, szkoła podstawowa, liceum, przychodnia zdrowia, przystanki autobusowe i doskonałe miejsce do wypoczynku "" Młynek"".Zainteresowanych zapraszam do obejrzenia i kontaktu.";Zapytaj;34,95 m²;64440052;10 dni temu;10 dni temu
https://www.otodom.pl/pl/oferta/rozkladowe-m3-45-m-teofilow-od-wlasciciela-ID4mhfI;;20230731;"['https://ireland.apollo.olxcdn.com/v1/files/eyJmbiI6ImMxeWUxbmU2cnZnbDEtQVBMIiwidyI6W3siZm4iOiJlbnZmcXFlMWF5NGsxLUFQTCIsInMiOiIxNCIsInAiOiIxMCwtMTAiLCJhIjoiMCJ9XX0.shxurSfi4m9TZDe1I6eFSQHHlVSzBloxJRQa1LiC-QQ/image;s=184x138;q=80', 'https://ireland.apollo.olxcdn.com/v1/files/eyJmbiI6ImZtdmg0aXNkNjk1NzMtQVBMIiwidyI6W3siZm4iOiJlbnZmcXFlMWF5NGsxLUFQTCIsInMiOiIxNCIsInAiOiIxMCwtMTAiLCJhIjoiMCJ9XX0.1BPIdC89rfaRyCqzlDlE2iU6Pp26djAu_eBcDICdc7M/image;s=184x138;q=80', 'https://ireland.apollo.olxcdn.com/v1/files/eyJmbiI6IjN5end4N2d4azBsYjMtQVBMIiwidyI6W3siZm4iOiJlbnZmcXFlMWF5NGsxLUFQTCIsInMiOiIxNCIsInAiOiIxMCwtMTAiLCJhIjoiMCJ9XX0.RFOx3q-e1Bqe7kUzm9yxQJnrGePZ9wRCsdK6uXXFnxg/image;s=184x138;q=80', 'https://ireland.apollo.olxcdn.com/v1/files/eyJmbiI6ImpnbnE3aWx2ZDYxaC1BUEwiLCJ3IjpbeyJmbiI6ImVudmZxcWUxYXk0azEtQVBMIiwicyI6IjE0IiwicCI6IjEwLC0xMCIsImEiOiIwIn1dfQ.wdaevI1qJYUPd7KOrdhYzSepbTJw6Dd4TK7_495erE4/image;s=184x138;q=80', 'https://ireland.apollo.olxcdn.com/v1/files/eyJmbiI6IjV1cjZxejdkdGRiajItQVBMIiwidyI6W3siZm4iOiJlbnZmcXFlMWF5NGsxLUFQTCIsInMiOiIxNCIsInAiOiIxMCwtMTAiLCJhIjoiMCJ9XX0.Q_txc8hBR-BTOU0EA44yNyg98XhPQTJe0pOHl8Q3aYs/image;s=184x138;q=80', 'https://ireland.apollo.olxcdn.com/v1/files/eyJmbiI6Inp0d2t5NHc0eDJ3ai1BUEwiLCJ3IjpbeyJmbiI6ImVudmZxcWUxYXk0azEtQVBMIiwicyI6IjE0IiwicCI6IjEwLC0xMCIsImEiOiIwIn1dfQ.2YzOWBsxXRrKH3aW2B7AI2pqCo6Y2hkMOSEeA8KXNUU/image;s=184x138;q=80', 'https://ireland.apollo.olxcdn.com/v1/files/eyJmbiI6ImFyc2NlNDZzdWwzMzMtQVBMIiwidyI6W3siZm4iOiJlbnZmcXFlMWF5NGsxLUFQTCIsInMiOiIxNCIsInAiOiIxMCwtMTAiLCJhIjoiMCJ9XX0.2VzwKQY8RGwdUc_RXNgPw_yDzL3AwOWSWt3TXYG3_tU/image;s=184x138;q=80', 'https://ireland.apollo.olxcdn.com/v1/files/eyJmbiI6IngzaXZ1cWh3amJyZi1BUEwiLCJ3IjpbeyJmbiI6ImVudmZxcWUxYXk0azEtQVBMIiwicyI6IjE0IiwicCI6IjEwLC0xMCIsImEiOiIwIn1dfQ.k-RsCO2JXeVaJA-xlprBw4NxP2-stnMiuiM0hy1iBTA/image;s=184x138;q=80', 'https://ireland.apollo.olxcdn.com/v1/files/eyJmbiI6ImJocmNyYXE0ZDh2ay1BUEwiLCJ3IjpbeyJmbiI6ImVudmZxcWUxYXk0azEtQVBMIiwicyI6IjE0IiwicCI6IjEwLC0xMCIsImEiOiIwIn1dfQ.xUe2iDGfOcpgWcTh-ejTH3R7Dv4SEhRt4uStEmcxpSc/image;s=184x138;q=80', 'https://ireland.apollo.olxcdn.com/v1/files/eyJmbiI6ImpoZjVrZHUzMW5sNDMtQVBMIiwidyI6W3siZm4iOiJlbnZmcXFlMWF5NGsxLUFQTCIsInMiOiIxNCIsInAiOiIxMCwtMTAiLCJhIjoiMCJ9XX0.WHoBXiP_Vy05fAgEEXOMzvkkN3dZdNVCdphLu7BwfzY/image;s=184x138;q=80', 'https://ireland.apollo.olxcdn.com/v1/files/eyJmbiI6IjFuZG10azY0Z21lcDMtQVBMIiwidyI6W3siZm4iOiJlbnZmcXFlMWF5NGsxLUFQTCIsInMiOiIxNCIsInAiOiIxMCwtMTAiLCJhIjoiMCJ9XX0.VjYikZ1am2piLK4iKt6y05QItFHpq2nqaMyVmeDoVuU/image;s=184x138;q=80', 'https://ireland.apollo.olxcdn.com/v1/files/eyJmbiI6IjM1YWwwcjd3bXozYjEtQVBMIiwidyI6W3siZm4iOiJlbnZmcXFlMWF5NGsxLUFQTCIsInMiOiIxNCIsInAiOiIxMCwtMTAiLCJhIjoiMCJ9XX0.mO3BJVOHARnkLOlFJDIEM1lpNJ_hRv1z4tmO8bvmcew/image;s=184x138;q=80', 'https://ireland.apollo.olxcdn.com/v1/files/eyJmbiI6Imc0YjJpaXgybW9odjMtQVBMIiwidyI6W3siZm4iOiJlbnZmcXFlMWF5NGsxLUFQTCIsInMiOiIxNCIsInAiOiIxMCwtMTAiLCJhIjoiMCJ9XX0.S7DGUyCVK_RFClTOUki5I0HjLzE-N1H5uliL_4L8mCI/image;s=184x138;q=80']";795 161 216;4/4;435 zł;plastikowe;prywatny;wtórny;miejskie;wielka płyta;blok;Daniel;garaż/miejsce parkingowe;1969;do remontu;2 ;brak informacji;nie;brak informacji;domofon / wideofon;brak informacji;balkon;piwnica;spółdzielcze wł. prawo do lokalu;"Bezpośrednio od właściciela, sprzedam mieszkanie na Teofilowie w Łodzi przy ul. Lnianej. Mieszkanie jest rozkładowe, o powierzchni 45 m² i składa się z dwóch pokoi, kuchni i łazienki.
Główne cechy mieszkania:

Słoneczny salon z wyjściem na balkon
Sypialnia z oknami wychodzącymi na park
Kuchnia z dużą ilością naturalnego światła i widokiem na park
Praktyczna wnęka w korytarzu, idealna na dużą szafę
Komórka lokatorska
Ogrzewanie miejskie
Duży parking dla mieszkańców
Odnowiona klatka schodowa oraz elewacja budynku

Lokalizacja jest atrakcyjna, w pobliżu znajdują się liczne udogodnienia i miejsca rekreacyjne:

Przystanek autobusowy - 2 minuty pieszo
Pływalnia - 7 minut pieszo
Park Stefana Żeromskiego - 4 minuty pieszo
Lidl - 5 minut pieszo
Biedronka - 8 minut pieszo
Przedszkole - 4 minuty pieszo
Szkoła podstawowa - 4 minuty pieszo
McDonald's - 8 minut pieszo
Siłownia - 12 minut pieszo

Zainteresowane osoby proszę o kontakt pod numerem telefonu: +48 795 161 216
Zapraszam do zakupu tego atrakcyjnego mieszkania.";Zapytaj;45,13 m²;64414882;18 dni temu;3 dni temu
https://www.otodom.pl/pl/oferta/mieszkanie-z-bardzo-dobrym-adresem-piotrkowska-ID4mnLe;HA900594;20230731;"['https://ireland.apollo.olxcdn.com/v1/files/eyJmbiI6InppY3cweDE2NHdxczMtQVBMIiwidyI6W3siZm4iOiJlbnZmcXFlMWF5NGsxLUFQTCIsInMiOiIxNCIsInAiOiIxMCwtMTAiLCJhIjoiMCJ9XX0.DJJxW3KmfgPvAr12Bo7oiSNhzxigoA7w_s_yO7iXZ2M/image;s=184x138;q=80', 'https://ireland.apollo.olxcdn.com/v1/files/eyJmbiI6InNxZHA3ejM2N2hzbTMtQVBMIiwidyI6W3siZm4iOiJlbnZmcXFlMWF5NGsxLUFQTCIsInMiOiIxNCIsInAiOiIxMCwtMTAiLCJhIjoiMCJ9XX0.7jKNEp7ICK_aASwYGCfSKTCYK6UsnkjHBVk_aRkQ75c/image;s=184x138;q=80', 'https://ireland.apollo.olxcdn.com/v1/files/eyJmbiI6ImZ3MHRrenk3ZXJ3ZzEtQVBMIiwidyI6W3siZm4iOiJlbnZmcXFlMWF5NGsxLUFQTCIsInMiOiIxNCIsInAiOiIxMCwtMTAiLCJhIjoiMCJ9XX0.AJckx8OEE5VbkNfzVWCtVs7tzMxCg0Hs4v2zrkOHjvw/image;s=184x138;q=80', 'https://ireland.apollo.olxcdn.com/v1/files/eyJmbiI6Inh5NWh6bDU4dGFxOTEtQVBMIiwidyI6W3siZm4iOiJlbnZmcXFlMWF5NGsxLUFQTCIsInMiOiIxNCIsInAiOiIxMCwtMTAiLCJhIjoiMCJ9XX0.PE1WEGDf3IcxQEGJJBoZMdwNTIgGVavofKvjRUtdyEY/image;s=184x138;q=80', 'https://ireland.apollo.olxcdn.com/v1/files/eyJmbiI6InpiZWp0NnZuNXVmNTItQVBMIiwidyI6W3siZm4iOiJlbnZmcXFlMWF5NGsxLUFQTCIsInMiOiIxNCIsInAiOiIxMCwtMTAiLCJhIjoiMCJ9XX0.n0LqNNFwUF0u9lzExeAJu5ghcsPc4-76WPxbDGDKYkc/image;s=184x138;q=80', 'https://ireland.apollo.olxcdn.com/v1/files/eyJmbiI6InNhZnIxeXdxYTNwbzItQVBMIiwidyI6W3siZm4iOiJlbnZmcXFlMWF5NGsxLUFQTCIsInMiOiIxNCIsInAiOiIxMCwtMTAiLCJhIjoiMCJ9XX0.rSLArlI_mdVQhRmZuekbcgoiBC2QmHNHjWRTv7Nc-h0/image;s=184x138;q=80', 'https://ireland.apollo.olxcdn.com/v1/files/eyJmbiI6Inh0cHd0aXZ5N3M1cDMtQVBMIiwidyI6W3siZm4iOiJlbnZmcXFlMWF5NGsxLUFQTCIsInMiOiIxNCIsInAiOiIxMCwtMTAiLCJhIjoiMCJ9XX0.kR3uxTWauNcW5pzjBGE8GloTSRgEInJmhCZpxfwickQ/image;s=184x138;q=80', 'https://ireland.apollo.olxcdn.com/v1/files/eyJmbiI6IjI0cHdqOHpsZTN6Ni1BUEwiLCJ3IjpbeyJmbiI6ImVudmZxcWUxYXk0azEtQVBMIiwicyI6IjE0IiwicCI6IjEwLC0xMCIsImEiOiIwIn1dfQ.Tmh4hkc2le2GjDBIy-I7xR1rFHVNwgNtJkwybStrnjM/image;s=184x138;q=80', 'https://ireland.apollo.olxcdn.com/v1/files/eyJmbiI6Im5wcm9pN2p5ZjVsajMtQVBMIiwidyI6W3siZm4iOiJlbnZmcXFlMWF5NGsxLUFQTCIsInMiOiIxNCIsInAiOiIxMCwtMTAiLCJhIjoiMCJ9XX0.MwP8vwDZfdIAPWpkI6zhszV908l7lNZq9_L7ySGn29k/image;s=184x138;q=80', 'https://ireland.apollo.olxcdn.com/v1/files/eyJmbiI6ImJ3cXZpcjEyZ2lvaTItQVBMIiwidyI6W3siZm4iOiJlbnZmcXFlMWF5NGsxLUFQTCIsInMiOiIxNCIsInAiOiIxMCwtMTAiLCJhIjoiMCJ9XX0.-Jch2jLRgLxWGLuRrxOMu1W6b1ewAO5Y--c8mTpsF_w/image;s=184x138;q=80']";694 011 775;1/2;1 830 zł;drewniane;biuro nieruchomości ;wtórny;Zapytaj;brak informacji;brak informacji;Anna Kacperska;garaż/miejsce parkingowe;brak informacji;do remontu;6 ;2023-10-16;nie;brak informacji;brak informacji;brak informacji;ogródek;pom. użytkowe;pełna własność;"Przedmiotem oferty jest mieszkanie zlokalizowane w samym centrum Łodzi, przy najbardziej reprezentacyjnej ulicy miasta, czyli Piotrkowskiej. To idealna propozycja dla osób ceniących niepowtarzany miejski klimat, pełen restauracji, kawiarni oraz klubów. Nieruchomość znajduje się w sąsiedztwie odnawianego obecnie Grand Hotelu oraz zrewitalizowanej ulicy Traugutta.Mieszkanie o powierzchni 93,12 m2 przeznaczone jest do generalnego remontu. Obecnie składa się z 6 pokoi, 2 kuchni oraz toalety, jednak nowy właściciel może mocno zmienić układ funkcjonalny swojego lokum. Mieszkanie znajduje się na pierwszym piętrze, w budynku z okresu międzywojennego. W klatce znajdują się tylko 4 mieszkania, dzięki czemu jest tu cicho i kameralnie. Na uwagę zasługuje również duże podwórze. Lokatorzy mają do dyspozycji ogródek, który jest nie lada gratką dla osób mieszkających w ścisłym centrum. Ponadto znajduje się tutaj sporo miejsc parkingowych (płatnych i niepłatnych). Kamienice od ulicy Piotrkowskiej oddzielają aż dwie bramy, co daje nam poczucie bezpieczeństwa. Nieruchomość ma również dwa wjazdy (otwierane zdalnie telefonem), od ulicy Piotrkowskiej oraz od strony ulic Sienkiewicza/Narutowicza. Dzięki temu, na wypadek blokady ulicy Piotrkowskiej w związku z jakimś wydarzeniem, nadal mamy pewność że dostaniemy się do domu własnym autem.Kilka kwestii technicznych:*mieszkanie własnościowe z księga wieczystą,*ekspozycja okien północ-południe,*dwie komórki lokatorskie,*piętro 1/2,*miejskie ogrzewanie oraz ciepła woda z sieci.Mieszkanie jest świetną propozycją zarówno dla par, rodzin jak i osób ceniących bliskość życia kulturalnego miasta. Jego wyjątkowy potencjał i lokalizacja sprawiają, że stanowi nadzwyczajną okazję okazję na spełnienie marzeń o niezwykłym mieszkaniu.Zapraszam do kontaktu w celu uzyskania dodatkowych informacji i umówienia się na prezentację.Anna Kacperskatel: 694-011-775Doradcy finansowi współpracujący z House Agent pomagają w organizacji wszystkich formalności niezbędnych do uzyskania kredytu.\\\""Powyższa oferta ma charakter informacyjny i nie jest ofertą w rozumieniu przepisów kodeksu cywilnego. Opis nieruchomości został sporządzony na podstawie informacji uzyskanych od właściciela i może być aktualizowany. Skontaktuj się z nami w celu zapoznania się ze szczegółami oferty.\\\”";Zapytaj;93,12 m²;64439900;10 dni temu;8 godzin temu
https://www.otodom.pl/pl/oferta/mieszkanie-134-m2-lodz-tuwima-30-ID4mnLa;;20230731;"['https://ireland.apollo.olxcdn.com/v1/files/eyJmbiI6ImdtMHQxc3BtdHZmODItQVBMIiwidyI6W3siZm4iOiJlbnZmcXFlMWF5NGsxLUFQTCIsInMiOiIxNCIsInAiOiIxMCwtMTAiLCJhIjoiMCJ9XX0.n95cGjk1vM1OJztKVa3WaEePKtccgmwdrF02j37Z9Ho/image;s=184x138;q=80', 'https://ireland.apollo.olxcdn.com/v1/files/eyJmbiI6IjFnd3ZmcHdjbDE3Yy1BUEwiLCJ3IjpbeyJmbiI6ImVudmZxcWUxYXk0azEtQVBMIiwicyI6IjE0IiwicCI6IjEwLC0xMCIsImEiOiIwIn1dfQ.eDYc85xr0Le2h8TTaN7_qpZN22uJNFXHxnxf4HwgyXg/image;s=184x138;q=80', 'https://ireland.apollo.olxcdn.com/v1/files/eyJmbiI6InVjNWNvOW16ZDN4eTEtQVBMIiwidyI6W3siZm4iOiJlbnZmcXFlMWF5NGsxLUFQTCIsInMiOiIxNCIsInAiOiIxMCwtMTAiLCJhIjoiMCJ9XX0.fXCs4qqjAiI94CHyrzqQxgjAU_2K2IKojYaZHKe0XHQ/image;s=184x138;q=80', 'https://ireland.apollo.olxcdn.com/v1/files/eyJmbiI6Ims4MDJnY2E3YmJ5ODMtQVBMIiwidyI6W3siZm4iOiJlbnZmcXFlMWF5NGsxLUFQTCIsInMiOiIxNCIsInAiOiIxMCwtMTAiLCJhIjoiMCJ9XX0.6A1dggHHIqpZ82ZZdP_FgLTQxXW8JWYbZ9TvDu8YST4/image;s=184x138;q=80', 'https://ireland.apollo.olxcdn.com/v1/files/eyJmbiI6InExeDkxZm81dnhiMy1BUEwiLCJ3IjpbeyJmbiI6ImVudmZxcWUxYXk0azEtQVBMIiwicyI6IjE0IiwicCI6IjEwLC0xMCIsImEiOiIwIn1dfQ.wux4hQ_zpj4LnnoLB8ixHx0OiiOdVaNye3-ZKs4pI-Q/image;s=184x138;q=80', 'https://ireland.apollo.olxcdn.com/v1/files/eyJmbiI6Im1yMGd4azY3Y2VmbDItQVBMIiwidyI6W3siZm4iOiJlbnZmcXFlMWF5NGsxLUFQTCIsInMiOiIxNCIsInAiOiIxMCwtMTAiLCJhIjoiMCJ9XX0.4lxfCZj4ygwCGj-4ox-71MpSSUa1sBKVFdV6nmykZg0/image;s=184x138;q=80', 'https://ireland.apollo.olxcdn.com/v1/files/eyJmbiI6Impoc3RjN3ppamJndjMtQVBMIiwidyI6W3siZm4iOiJlbnZmcXFlMWF5NGsxLUFQTCIsInMiOiIxNCIsInAiOiIxMCwtMTAiLCJhIjoiMCJ9XX0.inmhMqRTuFa7dKX2AF4B4mSRpxBGAhuSWNMJWgBALEY/image;s=184x138;q=80', 'https://ireland.apollo.olxcdn.com/v1/files/eyJmbiI6InFzdXR5MHR2cWsxOTEtQVBMIiwidyI6W3siZm4iOiJlbnZmcXFlMWF5NGsxLUFQTCIsInMiOiIxNCIsInAiOiIxMCwtMTAiLCJhIjoiMCJ9XX0.1Dfihi6TTc5BCoc9l7ERN5gHty_8nReUKO_GpGQi3Dg/image;s=184x138;q=80', 'https://ireland.apollo.olxcdn.com/v1/files/eyJmbiI6IjFyNDNwZmJzYW0ybTEtQVBMIiwidyI6W3siZm4iOiJlbnZmcXFlMWF5NGsxLUFQTCIsInMiOiIxNCIsInAiOiIxMCwtMTAiLCJhIjoiMCJ9XX0.8xqMDkTGZUpvIU5il3KMozOzUVfvZxeshVTK8iko9x0/image;s=184x138;q=80']";512 354 626;3/4;914 zł;plastikowe;biuro nieruchomości ;wtórny;gazowe;cegła;kamienica;Justyna Bartkowiak-Niemirska;garaż/miejsce parkingowe;1914;do wykończenia;5 ;brak informacji;nie;brak informacji;teren zamknięty, domofon / wideofon, monitoring / ochrona;telewizja kablowa, internet;Zapytaj;piwnica, oddzielna kuchnia;pełna własność;"Oferuję do sprzedaży niepowtarzalne mieszkanie w samym sercu Łodzi przy ul.Tuwima 30.134 metrowy lokal składa się z pięciu pokoi , kuchni , łazienki i przedpokoju. Mieszkanie do adaptacji, podziału na mniejsze lub do zamieszkania. Zadbana kamienica. Nowoczesna winda. Dwa niezależne wjazdy  na posesję.Kamienicę przy ul. Tuwima 30 wybudowano w 1914 r. Do 1937 r. pozostawała własnością rodziny Szereszewskich. Obecnie kamienica jest własnością prężnie działającej wspólnoty mieszkaniowej. Świetna lokalizacja. W najbliższej okolicy ulica Piotrkowska, Dworzec Fabryczny, Galeria Łódzka oraz łódzkie uczelnie. Czynsz administracyjny na dzień dzisiejszy to 950 zł.Spotkania i prezentacje umawiamy z kilkudniowym wyprzedzeniem. Na prośbę właścicieli przed prezentacją dane osób odwiedzających lokal , muszą być zweryfikowane. Zapraszam na prezentacje. Naprawdę warto.
I offer for sale a unique apartment in the heart of Łódź at Tuwima Street. The 30,134-meter flat consists of five rooms, a kitchen, a bathroom and a hall. A flat for adaptation, division into smaller ones or to live in. A well-kept tenement house. Modern elevator. Two independent entrances to the property. The tenement house at ul. Tuwima 30 was built in 1914. Until 1937, it remained the property of the Szereszewski family. Currently, the tenement house is owned by a thriving housing community. Great location. In the immediate vicinity, Piotrkowska Street, Fabryczny Railway Station, Galeria Łódzka and Łódź universities.The administrative rent as of today is PLN 950. Meetings and presentations are arranged several days in advance. At the request of the owners, the data of people visiting the premises must be verified before the presentation. I invite you to the presentations. Really worth.";Zapytaj;134 m²;64439896;10 dni temu;6 dni temu
https://www.otodom.pl/pl/oferta/mieszkanie-2-pok-do-remontu-na-gornej-ID4mnL1;6746/4916/OMS;20230731;"['https://ireland.apollo.olxcdn.com/v1/files/eyJmbiI6InRmbm91a25meXRsZTItQVBMIiwidyI6W3siZm4iOiJlbnZmcXFlMWF5NGsxLUFQTCIsInMiOiIxNCIsInAiOiIxMCwtMTAiLCJhIjoiMCJ9XX0.ZjHQyvh5sCYmGurnkFfP5ZVFXaXKj8Rp48anhzDoUYA/image;s=184x138;q=80', 'https://ireland.apollo.olxcdn.com/v1/files/eyJmbiI6InlxN2liZjBmdW1ueTEtQVBMIiwidyI6W3siZm4iOiJlbnZmcXFlMWF5NGsxLUFQTCIsInMiOiIxNCIsInAiOiIxMCwtMTAiLCJhIjoiMCJ9XX0.J1_OrrzhfMzR2tKijOfJ62G7aV0yqBWpxZZ6_o9bnIo/image;s=184x138;q=80', 'https://ireland.apollo.olxcdn.com/v1/files/eyJmbiI6Imw2Mm9heGxiZm5oMTEtQVBMIiwidyI6W3siZm4iOiJlbnZmcXFlMWF5NGsxLUFQTCIsInMiOiIxNCIsInAiOiIxMCwtMTAiLCJhIjoiMCJ9XX0.xsqDjRoqRlDYf_Z1JY1aueF8F2S_JumGbo-Oqe1k3ZM/image;s=184x138;q=80', 'https://ireland.apollo.olxcdn.com/v1/files/eyJmbiI6IjM3bjgxNG9kY2gzazItQVBMIiwidyI6W3siZm4iOiJlbnZmcXFlMWF5NGsxLUFQTCIsInMiOiIxNCIsInAiOiIxMCwtMTAiLCJhIjoiMCJ9XX0.MLZJFPhW2AXDHXP4lz5bI5-THzAt7PjGsw5RtegVkK8/image;s=184x138;q=80', 'https://ireland.apollo.olxcdn.com/v1/files/eyJmbiI6IjMxdzl4cmIweTJtdzItQVBMIiwidyI6W3siZm4iOiJlbnZmcXFlMWF5NGsxLUFQTCIsInMiOiIxNCIsInAiOiIxMCwtMTAiLCJhIjoiMCJ9XX0.-Sp1iityxhferSfQ4PRyXIqAbZM4bzytMDdFDD5ii50/image;s=184x138;q=80']";570 888 922;2/3;400 zł;brak informacji;biuro nieruchomości ;wtórny;elektryczne;cegła;kamienica;Weronika Pasińska;garaż/miejsce parkingowe;1960;do remontu;2 ;brak informacji;nie;brak informacji;brak informacji;brak informacji;Zapytaj;brak informacji;pełna własność;Prezentujemy Państwu mieszkanie dwupokojowe o metrażu 38,5m2 w dzielnicy Górna.Mieszkanie jest w stanie do remontu, a w jego skład wchodzi salon z aneksem kuchennym, sypialnia, łazienka oraz korytarz. Pomieszczenia są przestronne oraz wysokieLokalizacja, w której się znajduje jest bardzo atrakcyjna - bliskość do sklepów takich jak Żabka, Kaufland, Lidl, czy też Pasaż Łódzki, w którym mogą Państwo znaleźć niezwykle wiele obiektów handlowo-usługowych. Niezwykle blisko jest również Politechnika Łódzka, co czyni mieszkanie atrakcyjne dla studentów.Oprócz tego w bliskiej okolicy nie brakuje parków, jak m. in. Park Rejtana, Klepacza, czy Poniatowskiego.Niedaleko znajduje się również aleja Włókniarzy oraz Politechniki, dzięki czemu mieszkanie znajduje się w niezwykle dobrze skomunikowanej okolicy i zapewnia prosty i szybki dojazd w inne partie miasta - w tym do centrum.Zapraszam do zapoznania się z pełną ofertą mieszkania na prezentacji.W razie jakichkolwiek pytań zapraszam do kontaktu.Weronika PasińskaDoradca ds.nieruchomości.Telefon: 570 888 922House - FactoryOferta wysłana z programu dla biur nieruchomości ASARI CRM ();Zapytaj;38,5 m²;64439887;10 dni temu;6 dni temu
https://www.otodom.pl/pl/oferta/2-pokoje-posrod-zieleni-przy-ogrodzie-botanicznym-ID4mnKB;;20230731;"['https://ireland.apollo.olxcdn.com/v1/files/eyJmbiI6InJwMWsyZGdvcHF0di1BUEwiLCJ3IjpbeyJmbiI6ImVudmZxcWUxYXk0azEtQVBMIiwicyI6IjE0IiwicCI6IjEwLC0xMCIsImEiOiIwIn1dfQ.fOEYmM5iDmMP0rrRYkWel92Ky4O8RpKZBeCmHsh8psE/image;s=184x138;q=80', 'https://ireland.apollo.olxcdn.com/v1/files/eyJmbiI6ImpsenBheXo5NG93NzEtQVBMIiwidyI6W3siZm4iOiJlbnZmcXFlMWF5NGsxLUFQTCIsInMiOiIxNCIsInAiOiIxMCwtMTAiLCJhIjoiMCJ9XX0.h0dUhTRF8k4nimnD64RagRQbQ__HJVvv6ZS6vJZlX0Y/image;s=184x138;q=80', 'https://ireland.apollo.olxcdn.com/v1/files/eyJmbiI6IndmZTJoeXoya2ZvZTItQVBMIiwidyI6W3siZm4iOiJlbnZmcXFlMWF5NGsxLUFQTCIsInMiOiIxNCIsInAiOiIxMCwtMTAiLCJhIjoiMCJ9XX0.9W_1D5PIBzKgqgNfHwhPsxrVDVOgEvdPq8-_cIOBMPI/image;s=184x138;q=80', 'https://ireland.apollo.olxcdn.com/v1/files/eyJmbiI6ImZjeDlrdDJrNTZkNDMtQVBMIiwidyI6W3siZm4iOiJlbnZmcXFlMWF5NGsxLUFQTCIsInMiOiIxNCIsInAiOiIxMCwtMTAiLCJhIjoiMCJ9XX0.TWdouNjI4XNIodx4TsGw4let1KfFrQbFFAoTeemAYm4/image;s=184x138;q=80', 'https://ireland.apollo.olxcdn.com/v1/files/eyJmbiI6Imx3YmNkMjU3ejVzNDEtQVBMIiwidyI6W3siZm4iOiJlbnZmcXFlMWF5NGsxLUFQTCIsInMiOiIxNCIsInAiOiIxMCwtMTAiLCJhIjoiMCJ9XX0.5OUvvtRguRBtO9C_FxbBdx7rhBS_ynZfub4fTdWuUGw/image;s=184x138;q=80', 'https://ireland.apollo.olxcdn.com/v1/files/eyJmbiI6InhnanZsMHdhenEzYS1BUEwiLCJ3IjpbeyJmbiI6ImVudmZxcWUxYXk0azEtQVBMIiwicyI6IjE0IiwicCI6IjEwLC0xMCIsImEiOiIwIn1dfQ.fqRFuJAYgNeEJ7se71MrCuT-1AqRIb41MWViYkBvsIE/image;s=184x138;q=80']";794 970 070;1/3;Zapytaj;plastikowe;biuro nieruchomości ;pierwotny;miejskie;pustak;blok;Katarzyna Kicińska;garaż/miejsce parkingowe;2023;do wykończenia;2 ;brak informacji;tak;brak informacji;drzwi / okna antywłamaniowe, teren zamknięty, domofon / wideofon;brak informacji;balkon;piwnica;pełna własność;"Lubisz ciszę, otoczenie przyrody przy jednoczesnym mieszkaniu w mieście z dobrym dojazdem do Centrum czy bliskością parku na spacer?
Jeśli odpowiedź brzmi tak i dodatkowo szukasz mieszkania w nowym budownictwie to zdecydowanie czytaj dalej.  Prezentuję mieszkanie 2-pokojowe, położone na 1 piętrze budynku w inwestycji Konstantynowska Garden. Ukończenie inwestycji planowane jest na lipiec tego roku także klucze dostaniesz prawie „od ręki”. Mieszkanie położone jest w głąb działki, gdzie graniczy z łódzkim ogrodem botanicznym. Czy da się być bliżej natury?
To może powiem coś więcej o mieszkaniu… Wchodząc do środka mamy wyraźnie oddzielone strefy na salon, aneks kuchenny, sypialnię oraz łazienkę. Przy metrażu 45 m2 poszczególne pomieszczenia są przestronne i ustawne. Balkon uprzyjemni nam letnie wieczory, a z praktycznej strony pozwoli wysuszyć pranie.
Wraz z mieszkaniem sprzedawane jest miejsce postojowe w hali oraz komórka lokatorska więc kupujesz pełny pakiet (39 tys.) ze wszystkim co najbardziej potrzebne do komfortu i bezpieczeństwa.Inwestycja zostanie ukończona we wrześniu.
Chcesz poznać szczegóły? Zadzwoń dopóki jest dostępne.";tak;45,51 m²;64439861;10 dni temu;2 dni temu
https://www.otodom.pl/pl/oferta/znajdz-swoj-dom-w-tym-pieknym-mieszkaniu-z-tarasem-ID4m3Tu;UB890779;20230731;"['https://ireland.apollo.olxcdn.com/v1/files/eyJmbiI6Inpiazd4ajB3NDZ2bzMtQVBMIiwidyI6W3siZm4iOiJlbnZmcXFlMWF5NGsxLUFQTCIsInMiOiIxNCIsInAiOiIxMCwtMTAiLCJhIjoiMCJ9XX0.4ccBg1kcg0kW6Wxep0tjdnrhT4LtO8EOBkOILhhrhow/image;s=184x138;q=80', 'https://ireland.apollo.olxcdn.com/v1/files/eyJmbiI6ImM1bWc1d3MzN2FhODItQVBMIiwidyI6W3siZm4iOiJlbnZmcXFlMWF5NGsxLUFQTCIsInMiOiIxNCIsInAiOiIxMCwtMTAiLCJhIjoiMCJ9XX0.TMsUD9pxYwltkyK3VhnUl8vFoEvjig7bfbOf773YA2o/image;s=184x138;q=80', 'https://ireland.apollo.olxcdn.com/v1/files/eyJmbiI6Imh5OXEwM2xyZGE4eTEtQVBMIiwidyI6W3siZm4iOiJlbnZmcXFlMWF5NGsxLUFQTCIsInMiOiIxNCIsInAiOiIxMCwtMTAiLCJhIjoiMCJ9XX0.13FtLNciunV93gxxwOQpvldJkVQViSTJrIRQpUNH0mw/image;s=184x138;q=80', 'https://ireland.apollo.olxcdn.com/v1/files/eyJmbiI6IndkYmRwaHBna2wyeDItQVBMIiwidyI6W3siZm4iOiJlbnZmcXFlMWF5NGsxLUFQTCIsInMiOiIxNCIsInAiOiIxMCwtMTAiLCJhIjoiMCJ9XX0.lZdhyBlbNyFkogqzMGTHHVkuN8mGOODvNkmxA72fNR4/image;s=184x138;q=80', 'https://ireland.apollo.olxcdn.com/v1/files/eyJmbiI6InY3aW5tejI1dzZnci1BUEwiLCJ3IjpbeyJmbiI6ImVudmZxcWUxYXk0azEtQVBMIiwicyI6IjE0IiwicCI6IjEwLC0xMCIsImEiOiIwIn1dfQ.bbAKzhKuch69wYgiYjt5hPW3kUepBCMpN2uipF1SUfU/image;s=184x138;q=80', 'https://ireland.apollo.olxcdn.com/v1/files/eyJmbiI6ImhrYXlqaXpyMnp1bzItQVBMIiwidyI6W3siZm4iOiJlbnZmcXFlMWF5NGsxLUFQTCIsInMiOiIxNCIsInAiOiIxMCwtMTAiLCJhIjoiMCJ9XX0.O9lgytqMBcRzGKooVsA6BaA4B1Bgs7P3crJdJhSeXp0/image;s=184x138;q=80', 'https://ireland.apollo.olxcdn.com/v1/files/eyJmbiI6IjFxcWg2ZHBoOGdrdTMtQVBMIiwidyI6W3siZm4iOiJlbnZmcXFlMWF5NGsxLUFQTCIsInMiOiIxNCIsInAiOiIxMCwtMTAiLCJhIjoiMCJ9XX0.ZYxPUGvFtnNEXZltu6ifIaFX-i-E0O5LoMS6Xg_p3ik/image;s=184x138;q=80', 'https://ireland.apollo.olxcdn.com/v1/files/eyJmbiI6ImE0MWRodXRxbGJuZS1BUEwiLCJ3IjpbeyJmbiI6ImVudmZxcWUxYXk0azEtQVBMIiwicyI6IjE0IiwicCI6IjEwLC0xMCIsImEiOiIwIn1dfQ.QSdTsFu8MslrXiPxe_WxwVuAZ2m_l5UKyZdQz_nU3u4/image;s=184x138;q=80', 'https://ireland.apollo.olxcdn.com/v1/files/eyJmbiI6ImVqN2c4a3YzOG9ycDEtQVBMIiwidyI6W3siZm4iOiJlbnZmcXFlMWF5NGsxLUFQTCIsInMiOiIxNCIsInAiOiIxMCwtMTAiLCJhIjoiMCJ9XX0.EOaidQ6DP3l4H3eDRwjpQavVlGhuldGYgtVrdsfrNRQ/image;s=184x138;q=80', 'https://ireland.apollo.olxcdn.com/v1/files/eyJmbiI6ImlmZ29iaWN3c2J6bDEtQVBMIiwidyI6W3siZm4iOiJlbnZmcXFlMWF5NGsxLUFQTCIsInMiOiIxNCIsInAiOiIxMCwtMTAiLCJhIjoiMCJ9XX0.ZiZ8Xo9JWwGFgufZjdIsLN8Hj11lzTtjvAYhYVwYtxk/image;s=184x138;q=80', 'https://ireland.apollo.olxcdn.com/v1/files/eyJmbiI6Ijk0bHU4NXg1b2NxNy1BUEwiLCJ3IjpbeyJmbiI6ImVudmZxcWUxYXk0azEtQVBMIiwicyI6IjE0IiwicCI6IjEwLC0xMCIsImEiOiIwIn1dfQ.AuppdIsiI4oWulOgX331eGCJ_V3Ao7sizo4a-bfa-q0/image;s=184x138;q=80', 'https://ireland.apollo.olxcdn.com/v1/files/eyJmbiI6ImNsNDRoNDk1MTVpMjEtQVBMIiwidyI6W3siZm4iOiJlbnZmcXFlMWF5NGsxLUFQTCIsInMiOiIxNCIsInAiOiIxMCwtMTAiLCJhIjoiMCJ9XX0.XL2lLgaSg4HzwPKRdeuyJMEetMW5Wfv7oOclQjzHuYg/image;s=184x138;q=80', 'https://ireland.apollo.olxcdn.com/v1/files/eyJmbiI6IjJjYm4zcXd6YWg1OTItQVBMIiwidyI6W3siZm4iOiJlbnZmcXFlMWF5NGsxLUFQTCIsInMiOiIxNCIsInAiOiIxMCwtMTAiLCJhIjoiMCJ9XX0.8OIkEUtqQ1kLeaffgEEhMrL7HSXfM3DvRu7xSsTXR1k/image;s=184x138;q=80', 'https://ireland.apollo.olxcdn.com/v1/files/eyJmbiI6IjZybmNxaTkxbDg1MjMtQVBMIiwidyI6W3siZm4iOiJlbnZmcXFlMWF5NGsxLUFQTCIsInMiOiIxNCIsInAiOiIxMCwtMTAiLCJhIjoiMCJ9XX0.MdTqsl_nWR8XmPA_mAujY1AdBkOhqZYmonXCk_u5jJY/image;s=184x138;q=80', 'https://ireland.apollo.olxcdn.com/v1/files/eyJmbiI6InZvN2YwMDJhOTQyNTMtQVBMIiwidyI6W3siZm4iOiJlbnZmcXFlMWF5NGsxLUFQTCIsInMiOiIxNCIsInAiOiIxMCwtMTAiLCJhIjoiMCJ9XX0.GKXP303xhvr78x52ItllsVk1E4G34JLGREHnUwGaL0c/image;s=184x138;q=80', 'https://ireland.apollo.olxcdn.com/v1/files/eyJmbiI6IndiNnJtMTVieWloYTItQVBMIiwidyI6W3siZm4iOiJlbnZmcXFlMWF5NGsxLUFQTCIsInMiOiIxNCIsInAiOiIxMCwtMTAiLCJhIjoiMCJ9XX0.dWRYX0AQFrPNtP-F-uYsydntNmt6HzMuPp-iGAZvqhg/image;s=184x138;q=80', 'https://ireland.apollo.olxcdn.com/v1/files/eyJmbiI6IjZ6ZTRtMzJ6aDFuMzMtQVBMIiwidyI6W3siZm4iOiJlbnZmcXFlMWF5NGsxLUFQTCIsInMiOiIxNCIsInAiOiIxMCwtMTAiLCJhIjoiMCJ9XX0.MX-ilhS_Nbx7FNgLWbiTbk_n84P7BW4o4YIQW2sQfo0/image;s=184x138;q=80']";500 380 137;4/4;1 367 zł;plastikowe;biuro nieruchomości ;wtórny;miejskie;cegła;blok;Michał Gąsiorowski;garaż/miejsce parkingowe;1995;do zamieszkania;3 ;2023-06-27;nie;zmywarka, lodówka, meble, piekarnik, kuchenka;drzwi / okna antywłamaniowe, domofon / wideofon;telewizja kablowa, internet, telefon;balkon;piwnica, dwupoziomowe, pom. użytkowe;pełna własność;Mieszkanie na sprzedaż w Łodzi przy ulicy Emilii Sczanieckiej.Na sprzedaż wyjątkowe mieszkanie powierzchni 93,41m², położone na 4 piętrze w 4-piętrowym bloku. Na  lokal składają się dwie przestronne sypialnie, salon z wyjściem na ogromny taras z malowniczym widokiem na patio, łazienka wyposażona zarówno w wannę jak i prysznic oraz kuchnia wyposażona w niezbędne sprzęty agd.  Kuchnia i łazienka pozostają w pełni umeblowane, co zapewnia wygodę i komfort przy przeprowadzce.Mieszkanie jest świetnie doświetlone dzięki dużym oknom na stronę południową, co tworzy przyjemną atmosferę.Lokalizacja:Mieszkanie znajduje się w doskonałej lokalizacji, przy ulicy Emilii Sczanieckiej, zapewniającej łatwy dostęp do licznych punktów usługowych, sklepów, restauracji oraz terenów rekreacyjnych. Dogodne połączenia komunikacyjne umożliwiają szybkie i wygodne przemieszczanie się po mieście.Dodatkowe informacje:Mieszkanie wymaga lekkiego odświeżenia, co daje nowemu właścicielowi możliwość personalizacji przestrzeni. Osiedle zostało zaprojektowane tak, aby każdy z mieszkańców znalazł miejsce na swój samochód blisko bloku.To doskonała okazja dla osób poszukujących przestronnego mieszkania z dużym tarasem i pięknym widokiem. Skontaktuj się z nami już dziś, aby umówić się na oglądanie i poznać więcej szczegółów.Doradca ds. nieruchomości UbuntuMichał Gąsiorowskitel: 500380137Finansujesz zakup kredytem?Nasz profesjonalny doradca kredytowy przeprowadzi Cię przez całą procedurę, sprawdzi Twoją zdolność kredytową i pomoże wybrać najlepszą ofertę dla Ciebie spośród wszystkich banków w Polsce.Chcesz sprzedać swoją nieruchomość?Skontaktuj się ze nami. Zajmiemy się profesjonalnie całym procesem, dzięki czemu będziesz w stanie kupić nową nieruchomość, sprzedać poprzednią nie martwiąc się o terminy i zadatek.;Zapytaj;93,41 m²;64363532;1 miesiąc temu;9 godzin temu
https://www.otodom.pl/pl/oferta/piekny-okalajacy-ogrodek-z-tarasem-o-pow-50m2-ID4mnJn;N+972568;20230731;"['https://ireland.apollo.olxcdn.com/v1/files/eyJmbiI6ImVpMnEyZDd5cXI2OTEtQVBMIiwidyI6W3siZm4iOiJlbnZmcXFlMWF5NGsxLUFQTCIsInMiOiIxNCIsInAiOiIxMCwtMTAiLCJhIjoiMCJ9XX0.M_XSok-rW_Iw374x1hjmHvfrtnz7CcGSFZKJ9Y7NzGE/image;s=184x138;q=80', 'https://ireland.apollo.olxcdn.com/v1/files/eyJmbiI6IjlncnMwdnJyMTI2bDEtQVBMIiwidyI6W3siZm4iOiJlbnZmcXFlMWF5NGsxLUFQTCIsInMiOiIxNCIsInAiOiIxMCwtMTAiLCJhIjoiMCJ9XX0.1Qr0eUTrM3gY9nRfR6U-VikSMNReZAfvOjur-SGrhXQ/image;s=184x138;q=80', 'https://ireland.apollo.olxcdn.com/v1/files/eyJmbiI6InFnZTd2eDE3aDY4NzMtQVBMIiwidyI6W3siZm4iOiJlbnZmcXFlMWF5NGsxLUFQTCIsInMiOiIxNCIsInAiOiIxMCwtMTAiLCJhIjoiMCJ9XX0.H6nWraBsa-aFZbsrBOuxLZ5J6fOxWZaXFpMeugSUuf4/image;s=184x138;q=80', 'https://ireland.apollo.olxcdn.com/v1/files/eyJmbiI6ImU5OTVwZmk2MWRwODMtQVBMIiwidyI6W3siZm4iOiJlbnZmcXFlMWF5NGsxLUFQTCIsInMiOiIxNCIsInAiOiIxMCwtMTAiLCJhIjoiMCJ9XX0.Pm_ibx6tgPqnQc2jPeJUcQBeEyIToueNOSCeAU19T3Y/image;s=184x138;q=80', 'https://ireland.apollo.olxcdn.com/v1/files/eyJmbiI6ImducHBzOHRud3cwMS1BUEwiLCJ3IjpbeyJmbiI6ImVudmZxcWUxYXk0azEtQVBMIiwicyI6IjE0IiwicCI6IjEwLC0xMCIsImEiOiIwIn1dfQ.7HjN6CYIyD4FnvQYF5rhm9PxNrUoOhNATe-zon0Nmvg/image;s=184x138;q=80']";22 102 46 04;parter/10;Zapytaj;plastikowe;biuro nieruchomości ;pierwotny;Zapytaj;brak informacji;apartamentowiec;Piotr Steć;garaż/miejsce parkingowe;2024;do wykończenia;4 ;2024-12-31;tak;brak informacji;drzwi / okna antywłamaniowe, teren zamknięty, monitoring / ochrona;telewizja kablowa, internet;balkon, ogródek, taras;pom. użytkowe;Zapytaj;Nowa inwestycja na mapie ŁodziPrzedsprzedaż mieszkań - wybierz najkorzystniejszy układ mieszkania i kup taniej (rabat na mieszkanie do 31.07, umowa deweloperska 0 zł)Mieszkania z widokiem na przestrzeń i tereny zielone 0% prowizji i 0% podatku PCCZainteresowany? Zadzwoń +48 22 102 46 29CO WYRÓŻNIA INWESTYCJĘ: Stojaki roweroweStacja ładowania samochodów elektrycznychMiejsca naziemne oraz w hali garażowejCiche i szybkie windy do poziomu hali garażowejDostępne komórki lokatorskieElegancko zagospodarowane części wspólne - zielone nasadzenia, liczne alejki i ławkiOpcja zamontowania systemu inteligentnego domuZakończenie budowy: IV kw. 2024 rokuLOKALIZACJA:Liczne sklepy, hipermarkety i punkty handlowo-usługoweŻłobki, przedszkola, szkoły oraz uczelnie wyższePrzechodnia i szpitalTereny zielone - Park na Zdrowiu, Ogród Botaniczny, ZOOPrzystanek tramwajowyPrzystanek autobusowyBliskość do A1 i A2 i drogi krajowej 91KONTAKT:Zainteresowany szczegółami? Zadzwoń teraz: +48 22 102 46 29;Zapytaj;60,42 m²;64439785;10 dni temu;10 dni temu
